run_id	omp	routine	key	size	iters	subject_ns	migrated_ns
par-omp1	1	mger	-	128	200	18505.4	321092.2
par-omp1	1	mger	-	256	200	72892.1	1241537.4
par-omp1	1	mger	-	512	60	278357.0	4850857.8
par-omp1	1	mger	-	1024	15	1563588.5	20137379.3
par-omp1	1	mger	y2	128	200	88374.1	319978.6
par-omp1	1	mger	y2	256	200	354510.4	1218377.7
par-omp1	1	mger	y2	512	60	1380804.2	4904862.0
par-omp1	1	mger	y2	1024	15	5688385.1	20325590.7
par-omp1	1	mger	y-1	128	200	86973.4	315363.6
par-omp1	1	mger	y-1	256	200	351638.2	1201711.6
par-omp1	1	mger	y-1	512	58	1350304.9	5004946.8
par-omp1	1	mger	y-1	1024	14	5884449.2	20740083.7
par-omp1	1	mger	x2	128	200	91108.5	322163.3
par-omp1	1	mger	x2	256	200	355926.4	1230258.8
par-omp1	1	mger	x2	512	60	1368931.0	4860901.4
par-omp1	1	mger	x2	1024	15	5796090.6	19180879.7
par-omp1	1	mger	x2/y2	128	200	84547.6	295979.7
par-omp1	1	mger	x2/y2	256	200	336903.7	1254112.5
par-omp1	1	mger	x2/y2	512	61	1384253.3	4794978.5
par-omp1	1	mger	x2/y2	1024	15	5838404.7	19664559.3
par-omp1	1	mger	x2/y-1	128	200	85647.9	302594.7
par-omp1	1	mger	x2/y-1	256	200	336511.0	1186572.8
par-omp1	1	mger	x2/y-1	512	60	1384623.3	4894939.0
par-omp1	1	mger	x2/y-1	1024	15	5758908.4	20061471.5
par-omp1	1	mger	x-1	128	200	84701.9	316073.6
par-omp1	1	mger	x-1	256	200	344009.7	1247293.7
par-omp1	1	mger	x-1	512	58	1411307.7	4987708.8
par-omp1	1	mger	x-1	1024	15	5767733.3	19386413.4
par-omp1	1	mger	x-1/y2	128	200	87311.9	308776.6
par-omp1	1	mger	x-1/y2	256	200	339332.7	1241990.3
par-omp1	1	mger	x-1/y2	512	61	1395692.1	4839219.9
par-omp1	1	mger	x-1/y2	1024	15	5874857.1	19823674.9
par-omp1	1	mger	x-1/y-1	128	200	84103.3	303452.6
par-omp1	1	mger	x-1/y-1	256	200	338660.7	1199347.8
par-omp1	1	mger	x-1/y-1	512	60	1407711.2	4911878.6
par-omp1	1	mger	x-1/y-1	1024	15	5805324.9	19989892.9
par-omp4	4	mger	-	128	200	6294.2	322295.4
par-omp4	4	mger	-	256	200	21021.6	1279734.5
par-omp4	4	mger	-	512	57	82268.6	5124690.3
par-omp4	4	mger	-	1024	15	956495.8	20473918.4
par-omp4	4	mger	y2	128	200	26496.7	325473.7
par-omp4	4	mger	y2	256	200	95629.7	1283956.3
par-omp4	4	mger	y2	512	57	405488.1	5124405.8
par-omp4	4	mger	y2	1024	14	1520912.1	20714753.0
par-omp4	4	mger	y-1	128	200	24759.1	320595.2
par-omp4	4	mger	y-1	256	200	101718.9	1283770.0
par-omp4	4	mger	y-1	512	57	379930.6	5131446.0
par-omp4	4	mger	y-1	1024	14	1587364.4	20644673.9
par-omp4	4	mger	x2	128	200	25240.7	317774.1
par-omp4	4	mger	x2	256	200	99089.1	1269574.9
par-omp4	4	mger	x2	512	58	401637.1	5062153.5
par-omp4	4	mger	x2	1024	14	1561531.6	20687923.0
par-omp4	4	mger	x2/y2	128	200	33340.3	320291.2
par-omp4	4	mger	x2/y2	256	200	98853.9	1269946.5
par-omp4	4	mger	x2/y2	512	58	381848.2	5063735.7
par-omp4	4	mger	x2/y2	1024	15	1543872.4	20396246.3
par-omp4	4	mger	x2/y-1	128	200	25372.7	316280.3
par-omp4	4	mger	x2/y-1	256	200	95324.1	1263980.1
par-omp4	4	mger	x2/y-1	512	58	379956.0	5064156.4
par-omp4	4	mger	x2/y-1	1024	15	1521841.6	20433949.5
par-omp4	4	mger	x-1	128	200	25511.6	316393.5
par-omp4	4	mger	x-1	256	200	104685.0	1266070.1
par-omp4	4	mger	x-1	512	59	385075.1	4954098.7
par-omp4	4	mger	x-1	1024	15	1572363.2	20298204.2
par-omp4	4	mger	x-1/y2	128	200	26893.6	316140.1
par-omp4	4	mger	x-1/y2	256	200	94818.0	1243068.5
par-omp4	4	mger	x-1/y2	512	58	388994.1	5051155.5
par-omp4	4	mger	x-1/y2	1024	15	1524230.2	20370403.9
par-omp4	4	mger	x-1/y-1	128	200	26822.7	316251.4
par-omp4	4	mger	x-1/y-1	256	200	95720.7	1267501.8
par-omp4	4	mger	x-1/y-1	512	59	380353.5	5008460.4
par-omp4	4	mger	x-1/y-1	1024	14	1544314.4	20451345.9
ob-omp1	1	mger	-	128	200	86701.3	316967.6
ob-omp1	1	mger	-	256	200	344542.3	1207869.9
ob-omp1	1	mger	-	512	58	1368408.8	5036978.6
ob-omp1	1	mger	-	1024	15	5587325.4	19994536.1
ob-omp1	1	mger	y2	128	200	85313.5	310035.1
ob-omp1	1	mger	y2	256	200	345453.9	1202234.4
ob-omp1	1	mger	y2	512	58	1318595.8	5057585.7
ob-omp1	1	mger	y2	1024	15	5793878.4	19475334.4
ob-omp1	1	mger	y-1	128	200	85183.2	304356.2
ob-omp1	1	mger	y-1	256	200	340517.6	1262378.3
ob-omp1	1	mger	y-1	512	61	1381569.5	4844840.8
ob-omp1	1	mger	y-1	1024	15	5799240.7	19629756.4
ob-omp1	1	mger	x2	128	200	83463.7	316128.4
ob-omp1	1	mger	x2	256	200	343797.5	1191812.0
ob-omp1	1	mger	x2	512	59	1399577.3	4937383.5
ob-omp1	1	mger	x2	1024	15	5715221.0	20146832.1
ob-omp1	1	mger	x2/y2	128	200	86619.4	306947.7
ob-omp1	1	mger	x2/y2	256	200	343937.6	1201616.6
ob-omp1	1	mger	x2/y2	512	58	1349055.9	5016406.8
ob-omp1	1	mger	x2/y2	1024	15	5693054.4	19322950.3
ob-omp1	1	mger	x2/y-1	128	200	85038.6	310293.0
ob-omp1	1	mger	x2/y-1	256	200	346947.0	1221232.1
ob-omp1	1	mger	x2/y-1	512	61	1355444.3	4843736.0
ob-omp1	1	mger	x2/y-1	1024	15	5806164.4	19716966.6
ob-omp1	1	mger	x-1	128	200	83946.1	298760.9
ob-omp1	1	mger	x-1	256	200	332807.7	1231129.0
ob-omp1	1	mger	x-1	512	58	1391436.5	5003151.8
ob-omp1	1	mger	x-1	1024	15	5845361.2	19989617.6
ob-omp1	1	mger	x-1/y2	128	200	89360.3	315879.5
ob-omp1	1	mger	x-1/y2	256	200	339577.4	1205710.0
ob-omp1	1	mger	x-1/y2	512	60	1378556.4	4893062.6
ob-omp1	1	mger	x-1/y2	1024	15	5730074.9	19787298.8
ob-omp1	1	mger	x-1/y-1	128	200	91759.6	310043.6
ob-omp1	1	mger	x-1/y-1	256	200	354747.2	1222384.9
ob-omp1	1	mger	x-1/y-1	512	58	1404989.1	4998346.2
ob-omp1	1	mger	x-1/y-1	1024	15	5860309.6	19559399.9
ob-omp4	4	mger	-	128	200	27432.9	323406.5
ob-omp4	4	mger	-	256	200	94128.6	1291173.3
ob-omp4	4	mger	-	512	58	396972.4	5085612.0
ob-omp4	4	mger	-	1024	14	1528247.2	20597957.0
ob-omp4	4	mger	y2	128	200	26317.9	322275.3
ob-omp4	4	mger	y2	256	200	94623.5	1260486.7
ob-omp4	4	mger	y2	512	58	384435.4	5113746.8
ob-omp4	4	mger	y2	1024	14	1524367.5	20621345.4
ob-omp4	4	mger	y-1	128	200	25889.4	323026.7
ob-omp4	4	mger	y-1	256	200	95068.4	1282107.9
ob-omp4	4	mger	y-1	512	57	391950.8	5120200.3
ob-omp4	4	mger	y-1	1024	14	1507559.2	20689172.2
ob-omp4	4	mger	x2	128	200	25077.9	316812.7
ob-omp4	4	mger	x2	256	200	102149.5	1262434.8
ob-omp4	4	mger	x2	512	58	376805.0	5055412.9
ob-omp4	4	mger	x2	1024	15	1562409.4	20412361.6
ob-omp4	4	mger	x2/y2	128	200	25806.4	316387.0
ob-omp4	4	mger	x2/y2	256	200	95446.0	1263875.4
ob-omp4	4	mger	x2/y2	512	58	401362.3	5055536.0
ob-omp4	4	mger	x2/y2	1024	15	1510132.9	20416287.1
ob-omp4	4	mger	x2/y-1	128	200	28531.4	316546.5
ob-omp4	4	mger	x2/y-1	256	200	94935.3	1263470.1
ob-omp4	4	mger	x2/y-1	512	59	382700.5	4971937.2
ob-omp4	4	mger	x2/y-1	1024	14	1551920.8	20457827.7
ob-omp4	4	mger	x-1	128	200	25651.6	316404.6
ob-omp4	4	mger	x-1	256	200	95301.8	1269616.6
ob-omp4	4	mger	x-1	512	58	377989.5	5060732.0
ob-omp4	4	mger	x-1	1024	15	1503553.5	20443527.5
ob-omp4	4	mger	x-1/y2	128	200	26630.9	319842.8
ob-omp4	4	mger	x-1/y2	256	200	97886.5	1266165.5
ob-omp4	4	mger	x-1/y2	512	60	376601.2	4930395.8
ob-omp4	4	mger	x-1/y2	1024	15	1538177.3	20281427.3
ob-omp4	4	mger	x-1/y-1	128	200	26340.9	316546.9
ob-omp4	4	mger	x-1/y-1	256	200	95914.0	1258768.8
ob-omp4	4	mger	x-1/y-1	512	58	379710.1	5073674.2
ob-omp4	4	mger	x-1/y-1	1024	15	1492368.1	20323785.3
par-omp1	1	wgerc	-	128	200	61712.0	772290.5
par-omp1	1	wgerc	-	256	97	236913.7	3037110.1
par-omp1	1	wgerc	-	512	24	1037942.8	12504706.6
par-omp1	1	wgerc	y2	128	200	382346.6	757686.5
par-omp1	1	wgerc	y2	256	99	1481058.3	2969754.8
par-omp1	1	wgerc	y2	512	24	6059594.4	12450392.1
par-omp1	1	wgerc	y-1	128	200	360011.7	746111.8
par-omp1	1	wgerc	y-1	256	96	1484269.2	3084313.6
par-omp1	1	wgerc	y-1	512	24	5860868.9	12275651.4
par-omp1	1	wgerc	x2	128	200	380984.9	766938.9
par-omp1	1	wgerc	x2	256	97	1478155.6	3036774.2
par-omp1	1	wgerc	x2	512	25	6005733.2	11978284.3
par-omp1	1	wgerc	x2/y2	128	200	360283.6	741624.5
par-omp1	1	wgerc	x2/y2	256	94	1498164.8	3126121.1
par-omp1	1	wgerc	x2/y2	512	24	5912015.4	12114527.5
par-omp1	1	wgerc	x2/y-1	128	200	371579.2	757308.2
par-omp1	1	wgerc	x2/y-1	256	97	1514719.1	3050505.2
par-omp1	1	wgerc	x2/y-1	512	24	6109113.8	12128753.8
par-omp1	1	wgerc	x-1	128	200	360954.2	738701.2
par-omp1	1	wgerc	x-1	256	97	1487850.8	3054350.2
par-omp1	1	wgerc	x-1	512	24	5947652.8	12444417.7
par-omp1	1	wgerc	x-1/y2	128	200	380797.7	763885.6
par-omp1	1	wgerc	x-1/y2	256	97	1476102.1	3054067.5
par-omp1	1	wgerc	x-1/y2	512	24	6088583.3	12510029.3
par-omp1	1	wgerc	x-1/y-1	128	200	361234.7	756798.0
par-omp1	1	wgerc	x-1/y-1	256	97	1464820.0	3054974.4
par-omp1	1	wgerc	x-1/y-1	512	24	5964400.3	12255402.2
par-omp4	4	wgerc	-	128	200	17700.2	791649.9
par-omp4	4	wgerc	-	256	91	65941.0	3231458.6
par-omp4	4	wgerc	-	512	23	438858.6	12710480.1
par-omp4	4	wgerc	y2	128	200	99795.0	794442.7
par-omp4	4	wgerc	y2	256	96	386233.5	3092666.6
par-omp4	4	wgerc	y2	512	23	1588762.5	13046844.8
par-omp4	4	wgerc	y-1	128	200	100404.4	773374.5
par-omp4	4	wgerc	y-1	256	95	385349.0	3110439.3
par-omp4	4	wgerc	y-1	512	23	1609252.2	12616242.5
par-omp4	4	wgerc	x2	128	200	101594.4	770461.4
par-omp4	4	wgerc	x2	256	94	396539.7	3143517.4
par-omp4	4	wgerc	x2	512	24	1580747.1	12391098.8
par-omp4	4	wgerc	x2/y2	128	200	104316.8	779298.4
par-omp4	4	wgerc	x2/y2	256	95	408517.1	3103883.9
par-omp4	4	wgerc	x2/y2	512	24	1556759.0	12469168.4
par-omp4	4	wgerc	x2/y-1	128	200	98922.0	778430.7
par-omp4	4	wgerc	x2/y-1	256	96	387127.2	3079193.7
par-omp4	4	wgerc	x2/y-1	512	24	1572520.7	12561632.7
par-omp4	4	wgerc	x-1	128	200	102540.7	776283.2
par-omp4	4	wgerc	x-1	256	95	386476.8	3115519.1
par-omp4	4	wgerc	x-1	512	24	1593476.6	12551142.7
par-omp4	4	wgerc	x-1/y2	128	200	100270.5	792460.0
par-omp4	4	wgerc	x-1/y2	256	94	396957.6	3142084.3
par-omp4	4	wgerc	x-1/y2	512	24	1571347.3	12499921.7
par-omp4	4	wgerc	x-1/y-1	128	200	103387.3	798472.5
par-omp4	4	wgerc	x-1/y-1	256	91	397340.3	3244838.1
par-omp4	4	wgerc	x-1/y-1	512	24	1556840.0	12517149.0
ob-omp1	1	wgerc	-	128	200	367971.2	781474.2
ob-omp1	1	wgerc	-	256	100	1401718.8	2953037.4
ob-omp1	1	wgerc	-	512	25	5902909.7	12022680.8
ob-omp1	1	wgerc	y2	128	200	354687.9	742803.4
ob-omp1	1	wgerc	y2	256	97	1428809.3	3056988.0
ob-omp1	1	wgerc	y2	512	24	5668461.2	12130956.1
ob-omp1	1	wgerc	y-1	128	200	365344.5	777019.9
ob-omp1	1	wgerc	y-1	256	100	1419530.3	2959347.4
ob-omp1	1	wgerc	y-1	512	25	5902332.0	12019069.8
ob-omp1	1	wgerc	x2	128	200	346381.3	728806.4
ob-omp1	1	wgerc	x2	256	94	1419239.1	3142080.3
ob-omp1	1	wgerc	x2	512	24	5713755.7	12100894.6
ob-omp1	1	wgerc	x2/y2	128	200	359264.0	758466.8
ob-omp1	1	wgerc	x2/y2	256	98	1415054.0	3000646.1
ob-omp1	1	wgerc	x2/y2	512	24	5892054.8	12187661.5
ob-omp1	1	wgerc	x2/y-1	128	200	353546.9	747401.4
ob-omp1	1	wgerc	x2/y-1	256	97	1408619.7	3048211.6
ob-omp1	1	wgerc	x2/y-1	512	24	5723492.1	12124369.0
ob-omp1	1	wgerc	x-1	128	200	353210.3	764795.2
ob-omp1	1	wgerc	x-1	256	99	1414378.0	2974289.5
ob-omp1	1	wgerc	x-1	512	24	5793808.5	12423835.2
ob-omp1	1	wgerc	x-1/y2	128	200	356890.8	740450.8
ob-omp1	1	wgerc	x-1/y2	256	97	1406167.6	3028276.7
ob-omp1	1	wgerc	x-1/y2	512	24	5773490.3	12237567.0
ob-omp1	1	wgerc	x-1/y-1	128	200	349276.3	777491.6
ob-omp1	1	wgerc	x-1/y-1	256	100	1402965.2	2963298.9
ob-omp1	1	wgerc	x-1/y-1	512	23	5885709.9	12604862.1
ob-omp4	4	wgerc	-	128	200	102521.6	807339.1
ob-omp4	4	wgerc	-	256	92	384446.6	3246975.6
ob-omp4	4	wgerc	-	512	24	1532540.1	12571872.8
ob-omp4	4	wgerc	y2	128	200	101592.7	799147.0
ob-omp4	4	wgerc	y2	256	90	376738.7	3294863.1
ob-omp4	4	wgerc	y2	512	23	1530278.9	12980174.9
ob-omp4	4	wgerc	y-1	128	200	101309.2	816164.9
ob-omp4	4	wgerc	y-1	256	95	382163.7	3126392.5
ob-omp4	4	wgerc	y-1	512	23	1524855.4	12862389.3
ob-omp4	4	wgerc	x2	128	200	101666.8	780523.3
ob-omp4	4	wgerc	x2	256	95	378804.7	3126657.9
ob-omp4	4	wgerc	x2	512	23	1554739.4	12747461.5
ob-omp4	4	wgerc	x2/y2	128	200	103248.5	780753.0
ob-omp4	4	wgerc	x2/y2	256	94	391476.5	3153723.6
ob-omp4	4	wgerc	x2/y2	512	24	1554767.9	12539707.1
ob-omp4	4	wgerc	x2/y-1	128	200	105507.8	785798.6
ob-omp4	4	wgerc	x2/y-1	256	92	382143.1	3219664.2
ob-omp4	4	wgerc	x2/y-1	512	23	1527201.9	12698915.6
ob-omp4	4	wgerc	x-1	128	200	102538.7	803757.7
ob-omp4	4	wgerc	x-1	256	95	379750.5	3117790.1
ob-omp4	4	wgerc	x-1	512	23	1511468.1	13107586.7
ob-omp4	4	wgerc	x-1/y2	128	200	102929.2	795969.0
ob-omp4	4	wgerc	x-1/y2	256	95	376763.2	3110584.2
ob-omp4	4	wgerc	x-1/y2	512	23	1537811.4	13133726.2
ob-omp4	4	wgerc	x-1/y-1	128	200	101105.5	783546.5
ob-omp4	4	wgerc	x-1/y-1	256	94	376175.0	3135241.7
ob-omp4	4	wgerc	x-1/y-1	512	23	1554085.5	13003541.9
par-omp1	1	wgeru	-	128	200	59952.9	730666.8
par-omp1	1	wgeru	-	256	97	224332.5	3051420.6
par-omp1	1	wgeru	-	512	25	1072232.9	11915795.5
par-omp1	1	wgeru	y2	128	200	355438.4	762005.8
par-omp1	1	wgeru	y2	256	101	1420485.2	2929699.3
par-omp1	1	wgeru	y2	512	24	5798243.0	12292190.0
par-omp1	1	wgeru	y-1	128	200	358209.8	748153.8
par-omp1	1	wgeru	y-1	256	97	1395300.3	3036190.7
par-omp1	1	wgeru	y-1	512	25	5807107.3	11778676.9
par-omp1	1	wgeru	x2	128	200	358357.5	743561.8
par-omp1	1	wgeru	x2	256	99	1437197.7	2983385.0
par-omp1	1	wgeru	x2	512	24	5812560.4	12373648.0
par-omp1	1	wgeru	x2/y2	128	200	367638.8	748370.7
par-omp1	1	wgeru	x2/y2	256	97	1412491.0	3029039.6
par-omp1	1	wgeru	x2/y2	512	25	5914336.3	11843678.8
par-omp1	1	wgeru	x2/y-1	128	200	360224.0	749378.7
par-omp1	1	wgeru	x2/y-1	256	99	1442701.8	2984732.5
par-omp1	1	wgeru	x2/y-1	512	25	5818249.6	12026166.4
par-omp1	1	wgeru	x-1	128	200	365071.5	737480.8
par-omp1	1	wgeru	x-1	256	98	1433170.5	3014994.3
par-omp1	1	wgeru	x-1	512	25	5893613.1	11990353.7
par-omp1	1	wgeru	x-1/y2	128	200	356611.2	745013.5
par-omp1	1	wgeru	x-1/y2	256	94	1462683.0	3142341.2
par-omp1	1	wgeru	x-1/y2	512	23	6013529.8	12861524.3
par-omp1	1	wgeru	x-1/y-1	128	200	371173.9	770189.3
par-omp1	1	wgeru	x-1/y-1	256	97	1478399.9	3028866.3
par-omp1	1	wgeru	x-1/y-1	512	24	5796673.8	12378104.7
par-omp4	4	wgeru	-	128	200	17078.8	785884.9
par-omp4	4	wgeru	-	256	95	64639.7	3110375.3
par-omp4	4	wgeru	-	512	23	430959.9	12631454.4
par-omp4	4	wgeru	y2	128	200	100370.7	776840.7
par-omp4	4	wgeru	y2	256	95	378455.3	3103454.7
par-omp4	4	wgeru	y2	512	23	1522413.3	12675124.6
par-omp4	4	wgeru	y-1	128	200	99096.9	770751.6
par-omp4	4	wgeru	y-1	256	95	386510.8	3099154.8
par-omp4	4	wgeru	y-1	512	24	1514706.3	12467545.6
par-omp4	4	wgeru	x2	128	200	95949.8	787570.7
par-omp4	4	wgeru	x2	256	94	376407.7	3160847.4
par-omp4	4	wgeru	x2	512	24	1514223.3	12499023.1
par-omp4	4	wgeru	x2/y2	128	200	99240.9	796558.4
par-omp4	4	wgeru	x2/y2	256	92	376634.6	3201732.6
par-omp4	4	wgeru	x2/y2	512	23	1515285.4	12765625.6
par-omp4	4	wgeru	x2/y-1	128	200	98925.4	784923.7
par-omp4	4	wgeru	x2/y-1	256	94	382631.3	3142676.4
par-omp4	4	wgeru	x2/y-1	512	24	1529744.6	12517928.2
par-omp4	4	wgeru	x-1	128	200	100707.8	781209.7
par-omp4	4	wgeru	x-1	256	94	439181.3	3151170.4
par-omp4	4	wgeru	x-1	512	24	1554513.9	12611877.0
par-omp4	4	wgeru	x-1/y2	128	200	100229.7	781176.5
par-omp4	4	wgeru	x-1/y2	256	95	385018.4	3112448.5
par-omp4	4	wgeru	x-1/y2	512	24	1534053.5	12575166.5
par-omp4	4	wgeru	x-1/y-1	128	200	102110.6	783275.9
par-omp4	4	wgeru	x-1/y-1	256	94	382414.5	3144049.1
par-omp4	4	wgeru	x-1/y-1	512	24	1515963.1	12646170.0
ob-omp1	1	wgeru	-	128	200	368462.8	757603.9
ob-omp1	1	wgeru	-	256	101	1397433.0	2929232.5
ob-omp1	1	wgeru	-	512	24	5687086.5	12138412.0
ob-omp1	1	wgeru	y2	128	200	345404.7	745868.7
ob-omp1	1	wgeru	y2	256	100	1447342.3	2958124.3
ob-omp1	1	wgeru	y2	512	24	5890944.7	12408736.9
ob-omp1	1	wgeru	y-1	128	200	359667.3	738646.4
ob-omp1	1	wgeru	y-1	256	101	1421706.3	2932139.7
ob-omp1	1	wgeru	y-1	512	24	5812683.2	12125630.9
ob-omp1	1	wgeru	x2	128	200	360702.4	769423.4
ob-omp1	1	wgeru	x2	256	96	1453491.5	3067742.3
ob-omp1	1	wgeru	x2	512	24	6034818.5	12460816.6
ob-omp1	1	wgeru	x2/y2	128	200	357990.7	784091.8
ob-omp1	1	wgeru	x2/y2	256	92	1447872.7	3192795.7
ob-omp1	1	wgeru	x2/y2	512	23	5996835.8	12907954.2
ob-omp1	1	wgeru	x2/y-1	128	200	367773.5	799921.4
ob-omp1	1	wgeru	x2/y-1	256	87	1445185.6	3351393.8
ob-omp1	1	wgeru	x2/y-1	512	24	5966121.0	12365172.5
ob-omp1	1	wgeru	x-1	128	200	344146.5	745677.4
ob-omp1	1	wgeru	x-1	256	100	1390164.0	2962929.0
ob-omp1	1	wgeru	x-1	512	24	5849435.8	12279114.2
ob-omp1	1	wgeru	x-1/y2	128	200	346664.8	743504.0
ob-omp1	1	wgeru	x-1/y2	256	96	1426422.4	3070199.7
ob-omp1	1	wgeru	x-1/y2	512	24	5762715.2	12351661.7
ob-omp1	1	wgeru	x-1/y-1	128	200	359309.6	736933.9
ob-omp1	1	wgeru	x-1/y-1	256	99	1394266.5	2972208.4
ob-omp1	1	wgeru	x-1/y-1	512	24	5957969.7	12421765.2
ob-omp4	4	wgeru	-	128	200	99437.5	783475.7
ob-omp4	4	wgeru	-	256	95	375883.9	3119504.5
ob-omp4	4	wgeru	-	512	24	1521196.2	12501311.2
ob-omp4	4	wgeru	y2	128	200	104124.0	806346.6
ob-omp4	4	wgeru	y2	256	91	412296.3	3245950.4
ob-omp4	4	wgeru	y2	512	23	1543662.5	12887907.6
ob-omp4	4	wgeru	y-1	128	200	101721.7	779173.8
ob-omp4	4	wgeru	y-1	256	93	400705.1	3177667.1
ob-omp4	4	wgeru	y-1	512	23	1505929.7	12785288.9
ob-omp4	4	wgeru	x2	128	200	104557.0	787351.6
ob-omp4	4	wgeru	x2	256	94	383702.2	3142169.3
ob-omp4	4	wgeru	x2	512	23	1604464.1	13099597.9
ob-omp4	4	wgeru	x2/y2	128	200	101946.3	781168.5
ob-omp4	4	wgeru	x2/y2	256	92	377596.9	3197338.0
ob-omp4	4	wgeru	x2/y2	512	23	1548042.9	12709224.7
ob-omp4	4	wgeru	x2/y-1	128	200	101979.1	782560.3
ob-omp4	4	wgeru	x2/y-1	256	93	417823.5	3187649.2
ob-omp4	4	wgeru	x2/y-1	512	24	1503810.6	12329962.9
ob-omp4	4	wgeru	x-1	128	200	104455.7	785783.4
ob-omp4	4	wgeru	x-1	256	93	382034.4	3190310.9
ob-omp4	4	wgeru	x-1	512	23	1638454.4	12805624.3
ob-omp4	4	wgeru	x-1/y2	128	200	101848.1	784750.3
ob-omp4	4	wgeru	x-1/y2	256	97	375390.7	3061575.9
ob-omp4	4	wgeru	x-1/y2	512	24	1500916.4	12591563.8
ob-omp4	4	wgeru	x-1/y-1	128	200	104227.6	793591.6
ob-omp4	4	wgeru	x-1/y-1	256	97	375367.3	3059372.8
ob-omp4	4	wgeru	x-1/y-1	512	23	1503448.0	12782519.3
par-omp1	1	mger	-	128	200	18436.4	313420.8
par-omp1	1	mger	-	256	200	72799.0	1241226.8
par-omp1	1	mger	-	512	58	271034.8	5007141.5
par-omp1	1	mger	-	1024	15	1527259.3	19675848.0
par-omp1	1	mger	y2	128	200	87404.2	313637.3
par-omp1	1	mger	y2	256	200	345594.0	1241251.2
par-omp1	1	mger	y2	512	58	1347993.8	5047187.4
par-omp1	1	mger	y2	1024	15	6015034.8	20172810.3
par-omp1	1	mger	y-1	128	200	86790.5	320562.9
par-omp1	1	mger	y-1	256	200	349873.5	1273214.8
par-omp1	1	mger	y-1	512	59	1427823.5	5009676.6
par-omp1	1	mger	y-1	1024	15	5808820.5	20222718.2
par-omp1	1	mger	x2	128	200	84058.7	296461.8
par-omp1	1	mger	x2	256	200	329776.3	1185466.0
par-omp1	1	mger	x2	512	60	1411211.4	4871242.6
par-omp1	1	mger	x2	1024	15	5607676.7	19981635.1
par-omp1	1	mger	x2/y2	128	200	90720.8	305065.5
par-omp1	1	mger	x2/y2	256	200	351658.5	1221528.4
par-omp1	1	mger	x2/y2	512	59	1409275.0	4950391.0
par-omp1	1	mger	x2/y2	1024	15	6277038.1	20115073.2
par-omp1	1	mger	x2/y-1	128	200	92463.8	313376.0
par-omp1	1	mger	x2/y-1	256	200	354567.9	1232872.5
par-omp1	1	mger	x2/y-1	512	62	1338322.3	4746228.9
par-omp1	1	mger	x2/y-1	1024	15	5849249.3	20055224.5
par-omp1	1	mger	x-1	128	200	85543.4	314296.2
par-omp1	1	mger	x-1	256	200	368566.9	1218628.7
par-omp1	1	mger	x-1	512	59	1517972.4	4946943.0
par-omp1	1	mger	x-1	1024	15	5854466.4	19693500.2
par-omp1	1	mger	x-1/y2	128	200	85303.2	297711.4
par-omp1	1	mger	x-1/y2	256	200	334004.3	1275364.5
par-omp1	1	mger	x-1/y2	512	60	1446303.9	4883705.5
par-omp1	1	mger	x-1/y2	1024	15	5688881.3	19489263.7
par-omp1	1	mger	x-1/y-1	128	200	89129.3	309484.7
par-omp1	1	mger	x-1/y-1	256	200	363693.7	1213075.8
par-omp1	1	mger	x-1/y-1	512	59	1376809.5	4934616.5
par-omp1	1	mger	x-1/y-1	1024	15	5746766.4	19149903.8
par-omp4	4	mger	-	128	200	6687.3	321783.2
par-omp4	4	mger	-	256	200	22497.0	1282946.0
par-omp4	4	mger	-	512	58	86763.6	5026207.5
par-omp4	4	mger	-	1024	14	934662.1	20704337.2
par-omp4	4	mger	y2	128	200	28505.6	320984.7
par-omp4	4	mger	y2	256	200	95273.3	1280087.3
par-omp4	4	mger	y2	512	58	381257.4	5105120.8
par-omp4	4	mger	y2	1024	14	1540875.5	20846958.6
par-omp4	4	mger	y-1	128	200	28120.2	322042.0
par-omp4	4	mger	y-1	256	200	95013.9	1279802.0
par-omp4	4	mger	y-1	512	57	387048.1	5149355.4
par-omp4	4	mger	y-1	1024	14	1519830.9	20559441.6
par-omp4	4	mger	x2	128	200	27507.6	316564.8
par-omp4	4	mger	x2	256	200	99737.5	1265726.2
par-omp4	4	mger	x2	512	58	379904.3	5048816.9
par-omp4	4	mger	x2	1024	14	1818905.8	20968444.1
par-omp4	4	mger	x2/y2	128	200	26963.6	317241.1
par-omp4	4	mger	x2/y2	256	200	101339.9	1264097.3
par-omp4	4	mger	x2/y2	512	58	386243.2	5060823.1
par-omp4	4	mger	x2/y2	1024	15	1515817.0	20282049.0
par-omp4	4	mger	x2/y-1	128	200	27755.1	316127.7
par-omp4	4	mger	x2/y-1	256	200	95838.1	1264522.9
par-omp4	4	mger	x2/y-1	512	59	390382.6	4989014.2
par-omp4	4	mger	x2/y-1	1024	15	1544954.5	20363782.9
par-omp4	4	mger	x-1	128	200	28950.0	319360.0
par-omp4	4	mger	x-1	256	200	94908.1	1260130.7
par-omp4	4	mger	x-1	512	58	381007.4	5052816.5
par-omp4	4	mger	x-1	1024	15	1507613.3	20388124.2
par-omp4	4	mger	x-1/y2	128	200	26826.9	321385.8
par-omp4	4	mger	x-1/y2	256	200	98297.5	1268050.5
par-omp4	4	mger	x-1/y2	512	57	394944.5	5080557.3
par-omp4	4	mger	x-1/y2	1024	15	1581576.8	20289912.4
par-omp4	4	mger	x-1/y-1	128	200	27762.6	316156.8
par-omp4	4	mger	x-1/y-1	256	200	95256.5	1260092.8
par-omp4	4	mger	x-1/y-1	512	58	380938.3	5048183.1
par-omp4	4	mger	x-1/y-1	1024	15	1536132.1	20172927.6
ob-omp1	1	mger	-	128	200	87347.5	311457.0
ob-omp1	1	mger	-	256	200	339181.1	1213805.5
ob-omp1	1	mger	-	512	61	1340197.8	4850858.5
ob-omp1	1	mger	-	1024	15	5563603.8	19313274.5
ob-omp1	1	mger	y2	128	200	83308.3	301053.1
ob-omp1	1	mger	y2	256	200	330750.9	1219003.9
ob-omp1	1	mger	y2	512	59	1353658.7	4951103.8
ob-omp1	1	mger	y2	1024	15	5585436.5	19358801.4
ob-omp1	1	mger	y-1	128	200	83267.4	300229.2
ob-omp1	1	mger	y-1	256	200	331429.2	1210515.4
ob-omp1	1	mger	y-1	512	61	1339497.8	4807795.2
ob-omp1	1	mger	y-1	1024	15	5560812.1	19348047.5
ob-omp1	1	mger	x2	128	200	85291.4	297619.3
ob-omp1	1	mger	x2	256	200	340386.3	1189516.5
ob-omp1	1	mger	x2	512	62	1340175.2	4771963.8
ob-omp1	1	mger	x2	1024	15	5642875.7	19178985.1
ob-omp1	1	mger	x2/y2	128	200	83741.8	296868.5
ob-omp1	1	mger	x2/y2	256	200	336116.8	1185983.4
ob-omp1	1	mger	x2/y2	512	62	1326321.2	4723857.1
ob-omp1	1	mger	x2/y2	1024	15	5614914.5	19395892.1
ob-omp1	1	mger	x2/y-1	128	200	84253.0	295952.4
ob-omp1	1	mger	x2/y-1	256	200	340521.2	1184773.7
ob-omp1	1	mger	x2/y-1	512	62	1346270.9	4732273.1
ob-omp1	1	mger	x2/y-1	1024	15	5594999.1	19297185.7
ob-omp1	1	mger	x-1	128	200	85085.5	302545.2
ob-omp1	1	mger	x-1	256	200	336573.1	1227007.2
ob-omp1	1	mger	x-1	512	62	1324345.3	4750066.7
ob-omp1	1	mger	x-1	1024	15	5658434.8	19154876.5
ob-omp1	1	mger	x-1/y2	128	200	83612.0	298125.5
ob-omp1	1	mger	x-1/y2	256	200	333781.2	1199896.8
ob-omp1	1	mger	x-1/y2	512	61	1331762.8	4794229.9
ob-omp1	1	mger	x-1/y2	1024	15	5834143.3	19256035.7
ob-omp1	1	mger	x-1/y-1	128	200	83769.3	298088.6
ob-omp1	1	mger	x-1/y-1	256	200	331190.2	1185489.9
ob-omp1	1	mger	x-1/y-1	512	61	1348272.5	4782856.2
ob-omp1	1	mger	x-1/y-1	1024	15	5669173.2	19181111.1
ob-omp4	4	mger	-	128	200	24429.2	321508.7
ob-omp4	4	mger	-	256	200	93982.2	1277864.8
ob-omp4	4	mger	-	512	58	377323.7	5103682.6
ob-omp4	4	mger	-	1024	14	1512808.2	20580168.8
ob-omp4	4	mger	y2	128	200	26632.7	320503.3
ob-omp4	4	mger	y2	256	200	94716.7	1277752.3
ob-omp4	4	mger	y2	512	58	375203.1	5102588.2
ob-omp4	4	mger	y2	1024	15	1492811.1	20101848.2
ob-omp4	4	mger	y-1	128	200	26376.0	320566.4
ob-omp4	4	mger	y-1	256	200	95700.9	1267144.3
ob-omp4	4	mger	y-1	512	58	380439.3	5110061.6
ob-omp4	4	mger	y-1	1024	15	1499352.1	20533228.3
ob-omp4	4	mger	x2	128	200	26771.6	316387.2
ob-omp4	4	mger	x2	256	200	94772.9	1244324.9
ob-omp4	4	mger	x2	512	59	387161.3	5014639.8
ob-omp4	4	mger	x2	1024	15	1492675.7	20342644.8
ob-omp4	4	mger	x2/y2	128	200	26092.4	316403.3
ob-omp4	4	mger	x2/y2	256	200	94759.7	1262597.9
ob-omp4	4	mger	x2/y2	512	60	374304.8	4918564.6
ob-omp4	4	mger	x2/y2	1024	15	1491331.3	20383086.4
ob-omp4	4	mger	x2/y-1	128	200	25159.2	316693.3
ob-omp4	4	mger	x2/y-1	256	200	93411.2	1257355.6
ob-omp4	4	mger	x2/y-1	512	59	382700.4	4992622.6
ob-omp4	4	mger	x2/y-1	1024	15	1493644.7	20253482.2
ob-omp4	4	mger	x-1	128	200	26419.7	316493.7
ob-omp4	4	mger	x-1	256	200	94471.3	1262059.9
ob-omp4	4	mger	x-1	512	59	375324.4	5020456.1
ob-omp4	4	mger	x-1	1024	15	1493454.3	20365040.3
ob-omp4	4	mger	x-1/y2	128	200	25024.3	316490.7
ob-omp4	4	mger	x-1/y2	256	200	94117.3	1263051.1
ob-omp4	4	mger	x-1/y2	512	59	372532.6	5032004.3
ob-omp4	4	mger	x-1/y2	1024	15	1503513.0	20357844.1
ob-omp4	4	mger	x-1/y-1	128	200	25384.4	318372.4
ob-omp4	4	mger	x-1/y-1	256	200	94226.9	1261967.1
ob-omp4	4	mger	x-1/y-1	512	59	370084.7	5005465.7
ob-omp4	4	mger	x-1/y-1	1024	15	1492268.4	20266781.1
par-omp1	1	wgerc	-	128	200	60103.6	736788.9
par-omp1	1	wgerc	-	256	100	222551.6	2945748.5
par-omp1	1	wgerc	-	512	25	1047860.4	11774669.2
par-omp1	1	wgerc	y2	128	200	357961.1	726810.5
par-omp1	1	wgerc	y2	256	101	1423448.6	2934066.5
par-omp1	1	wgerc	y2	512	25	5853962.0	11732513.0
par-omp1	1	wgerc	y-1	128	200	358541.5	726495.0
par-omp1	1	wgerc	y-1	256	102	1426382.2	2906788.6
par-omp1	1	wgerc	y-1	512	25	5937962.6	11922921.0
par-omp1	1	wgerc	x2	128	200	367390.2	750055.0
par-omp1	1	wgerc	x2	256	101	1428347.6	2914795.5
par-omp1	1	wgerc	x2	512	25	5859155.0	11697567.7
par-omp1	1	wgerc	x2/y2	128	200	360931.3	741524.5
par-omp1	1	wgerc	x2/y2	256	101	1431252.6	2914358.8
par-omp1	1	wgerc	x2/y2	512	25	5849713.1	11823218.3
par-omp1	1	wgerc	x2/y-1	128	200	359343.1	724574.7
par-omp1	1	wgerc	x2/y-1	256	100	1438115.9	2945733.8
par-omp1	1	wgerc	x2/y-1	512	25	5924890.6	11670609.2
par-omp1	1	wgerc	x-1	128	200	358983.5	727131.1
par-omp1	1	wgerc	x-1	256	101	1426248.4	2912516.5
par-omp1	1	wgerc	x-1	512	25	5836263.0	11945107.7
par-omp1	1	wgerc	x-1/y2	128	200	360940.4	730171.9
par-omp1	1	wgerc	x-1/y2	256	100	1431676.2	2951617.2
par-omp1	1	wgerc	x-1/y2	512	25	5833081.9	11770044.8
par-omp1	1	wgerc	x-1/y-1	128	200	358717.5	739839.3
par-omp1	1	wgerc	x-1/y-1	256	101	1439736.2	2930963.6
par-omp1	1	wgerc	x-1/y-1	512	25	5832189.4	11773486.0
par-omp4	4	wgerc	-	128	200	17017.5	778949.7
par-omp4	4	wgerc	-	256	95	63185.0	3116944.5
par-omp4	4	wgerc	-	512	24	415571.2	12313460.6
par-omp4	4	wgerc	y2	128	200	102109.9	779200.1
par-omp4	4	wgerc	y2	256	95	384859.7	3111996.7
par-omp4	4	wgerc	y2	512	24	1553403.1	12530609.3
par-omp4	4	wgerc	y-1	128	200	105315.6	779139.2
par-omp4	4	wgerc	y-1	256	95	384378.3	3119515.6
par-omp4	4	wgerc	y-1	512	24	1555224.8	12309224.1
par-omp4	4	wgerc	x2	128	200	101794.0	775484.9
par-omp4	4	wgerc	x2	256	95	385781.2	3112770.5
par-omp4	4	wgerc	x2	512	24	1562966.9	12486303.8
par-omp4	4	wgerc	x2/y2	128	200	105318.8	780974.0
par-omp4	4	wgerc	x2/y2	256	95	386431.1	3118806.7
par-omp4	4	wgerc	x2/y2	512	24	1550705.3	12506401.0
par-omp4	4	wgerc	x2/y-1	128	200	103981.2	786598.7
par-omp4	4	wgerc	x2/y-1	256	95	385314.7	3124942.1
par-omp4	4	wgerc	x2/y-1	512	24	1554463.8	12415625.3
par-omp4	4	wgerc	x-1	128	200	105223.7	782725.4
par-omp4	4	wgerc	x-1	256	95	385565.6	3122218.2
par-omp4	4	wgerc	x-1	512	24	1555858.4	12597968.8
par-omp4	4	wgerc	x-1/y2	128	200	101540.8	779459.4
par-omp4	4	wgerc	x-1/y2	256	95	391261.2	3130119.9
par-omp4	4	wgerc	x-1/y2	512	24	1552498.9	12575881.2
par-omp4	4	wgerc	x-1/y-1	128	200	101783.8	783804.2
par-omp4	4	wgerc	x-1/y-1	256	95	385355.5	3118862.5
par-omp4	4	wgerc	x-1/y-1	512	24	1564288.5	12485292.9
ob-omp1	1	wgerc	-	128	200	357119.7	740703.5
ob-omp1	1	wgerc	-	256	101	1389401.1	2914364.2
ob-omp1	1	wgerc	-	512	25	5705821.5	11779067.9
ob-omp1	1	wgerc	y2	128	200	345385.0	732212.8
ob-omp1	1	wgerc	y2	256	101	1392460.2	2923285.7
ob-omp1	1	wgerc	y2	512	25	5647093.3	11850541.6
ob-omp1	1	wgerc	y-1	128	200	348733.6	747043.8
ob-omp1	1	wgerc	y-1	256	100	1382393.9	2951374.8
ob-omp1	1	wgerc	y-1	512	25	5674285.1	11819327.0
ob-omp1	1	wgerc	x2	128	200	353575.5	730329.1
ob-omp1	1	wgerc	x2	256	101	1373923.4	2917682.0
ob-omp1	1	wgerc	x2	512	25	5629425.4	12064374.6
ob-omp1	1	wgerc	x2/y2	128	200	350457.8	730721.9
ob-omp1	1	wgerc	x2/y2	256	101	1380864.3	2923993.6
ob-omp1	1	wgerc	x2/y2	512	25	5894213.7	11938076.2
ob-omp1	1	wgerc	x2/y-1	128	200	348157.8	730185.5
ob-omp1	1	wgerc	x2/y-1	256	100	1389517.3	2961701.4
ob-omp1	1	wgerc	x2/y-1	512	25	5622952.5	11732286.4
ob-omp1	1	wgerc	x-1	128	200	347068.8	737880.1
ob-omp1	1	wgerc	x-1	256	100	1374466.5	2944978.6
ob-omp1	1	wgerc	x-1	512	25	5641794.6	11896825.6
ob-omp1	1	wgerc	x-1/y2	128	200	352771.9	735121.0
ob-omp1	1	wgerc	x-1/y2	256	100	1379139.3	2940053.8
ob-omp1	1	wgerc	x-1/y2	512	25	5699741.6	11846782.3
ob-omp1	1	wgerc	x-1/y-1	128	200	356090.1	747288.3
ob-omp1	1	wgerc	x-1/y-1	256	100	1373808.5	2942030.7
ob-omp1	1	wgerc	x-1/y-1	512	25	5659170.5	12046502.0
ob-omp4	4	wgerc	-	128	200	104152.3	780532.0
ob-omp4	4	wgerc	-	256	94	375409.8	3131869.5
ob-omp4	4	wgerc	-	512	24	1517234.5	12519102.3
ob-omp4	4	wgerc	y2	128	200	101446.2	776992.8
ob-omp4	4	wgerc	y2	256	95	375976.4	3113213.7
ob-omp4	4	wgerc	y2	512	24	1501162.0	12554070.7
ob-omp4	4	wgerc	y-1	128	200	103657.3	786081.4
ob-omp4	4	wgerc	y-1	256	96	377007.3	3093563.8
ob-omp4	4	wgerc	y-1	512	24	1502935.8	12525970.3
ob-omp4	4	wgerc	x2	128	200	101831.5	775282.0
ob-omp4	4	wgerc	x2	256	97	376573.7	3053509.7
ob-omp4	4	wgerc	x2	512	24	1501772.8	12520502.1
ob-omp4	4	wgerc	x2/y2	128	200	101620.2	777761.4
ob-omp4	4	wgerc	x2/y2	256	95	391999.7	3109622.7
ob-omp4	4	wgerc	x2/y2	512	24	1505261.1	12437144.0
ob-omp4	4	wgerc	x2/y-1	128	200	105046.6	773921.9
ob-omp4	4	wgerc	x2/y-1	256	97	376307.3	3047833.7
ob-omp4	4	wgerc	x2/y-1	512	24	1501471.9	12541456.0
ob-omp4	4	wgerc	x-1	128	200	101705.6	781160.8
ob-omp4	4	wgerc	x-1	256	95	377699.7	3125346.6
ob-omp4	4	wgerc	x-1	512	24	1500253.0	12415245.0
ob-omp4	4	wgerc	x-1/y2	128	200	102632.7	778454.4
ob-omp4	4	wgerc	x-1/y2	256	97	376141.0	3048978.6
ob-omp4	4	wgerc	x-1/y2	512	24	1503133.7	12502458.8
ob-omp4	4	wgerc	x-1/y-1	128	200	100815.5	778555.4
ob-omp4	4	wgerc	x-1/y-1	256	95	390152.8	3108349.9
ob-omp4	4	wgerc	x-1/y-1	512	24	1503743.3	12557942.0
par-omp1	1	wgeru	-	128	200	61273.1	740499.6
par-omp1	1	wgeru	-	256	100	221756.9	2945379.7
par-omp1	1	wgeru	-	512	25	1025492.4	11780214.9
par-omp1	1	wgeru	y2	128	200	350454.7	724021.8
par-omp1	1	wgeru	y2	256	102	1387214.7	2897446.4
par-omp1	1	wgeru	y2	512	25	5646506.1	11903595.2
par-omp1	1	wgeru	y-1	128	200	347898.4	722748.1
par-omp1	1	wgeru	y-1	256	100	1379140.4	2955745.2
par-omp1	1	wgeru	y-1	512	25	5783315.2	12020847.2
par-omp1	1	wgeru	x2	128	200	360262.7	729606.2
par-omp1	1	wgeru	x2	256	101	1409523.9	2933742.9
par-omp1	1	wgeru	x2	512	25	5777537.7	11812232.6
par-omp1	1	wgeru	x2/y2	128	200	352525.1	731508.7
par-omp1	1	wgeru	x2/y2	256	101	1421628.7	2931257.1
par-omp1	1	wgeru	x2/y2	512	25	5757200.4	11746479.0
par-omp1	1	wgeru	x2/y-1	128	200	352159.5	731499.0
par-omp1	1	wgeru	x2/y-1	256	100	1439697.0	2946619.7
par-omp1	1	wgeru	x2/y-1	512	25	5766584.4	11810342.2
par-omp1	1	wgeru	x-1	128	200	358842.6	736919.2
par-omp1	1	wgeru	x-1	256	101	1413422.6	2940436.8
par-omp1	1	wgeru	x-1	512	25	5806881.3	11778086.6
par-omp1	1	wgeru	x-1/y2	128	200	349903.8	729327.1
par-omp1	1	wgeru	x-1/y2	256	101	1403740.2	2917940.4
par-omp1	1	wgeru	x-1/y2	512	25	5743798.7	11773576.0
par-omp1	1	wgeru	x-1/y-1	128	200	357900.3	732295.6
par-omp1	1	wgeru	x-1/y-1	256	101	1409671.6	2929477.2
par-omp1	1	wgeru	x-1/y-1	512	25	5832676.2	11796952.0
par-omp4	4	wgeru	-	128	200	17570.9	770737.9
par-omp4	4	wgeru	-	256	96	62480.9	3093041.9
par-omp4	4	wgeru	-	512	24	411595.9	12292077.7
par-omp4	4	wgeru	y2	128	200	103828.3	771233.2
par-omp4	4	wgeru	y2	256	97	375331.7	3058208.2
par-omp4	4	wgeru	y2	512	24	1509774.8	12480079.3
par-omp4	4	wgeru	y-1	128	200	99502.5	770602.9
par-omp4	4	wgeru	y-1	256	95	383626.8	3099923.3
par-omp4	4	wgeru	y-1	512	24	1507768.7	12410549.3
par-omp4	4	wgeru	x2	128	200	104205.6	779845.7
par-omp4	4	wgeru	x2	256	95	375349.1	3114569.5
par-omp4	4	wgeru	x2	512	24	1508639.0	12620780.3
par-omp4	4	wgeru	x2/y2	128	200	99792.4	778880.3
par-omp4	4	wgeru	x2/y2	256	96	384590.9	3078978.8
par-omp4	4	wgeru	x2/y2	512	24	1509158.8	12511336.0
par-omp4	4	wgeru	x2/y-1	128	200	100021.5	779141.4
par-omp4	4	wgeru	x2/y-1	256	95	375111.1	3123581.8
par-omp4	4	wgeru	x2/y-1	512	24	1508450.7	12441297.9
par-omp4	4	wgeru	x-1	128	200	99963.9	776465.5
par-omp4	4	wgeru	x-1	256	95	374870.7	3110582.6
par-omp4	4	wgeru	x-1	512	24	1507747.3	12475260.8
par-omp4	4	wgeru	x-1/y2	128	200	100942.9	777725.9
par-omp4	4	wgeru	x-1/y2	256	97	376074.3	3038301.4
par-omp4	4	wgeru	x-1/y2	512	24	1508215.4	12557236.1
par-omp4	4	wgeru	x-1/y-1	128	200	104208.4	776643.3
par-omp4	4	wgeru	x-1/y-1	256	97	388357.5	3049611.9
par-omp4	4	wgeru	x-1/y-1	512	24	1510873.5	12540351.2
ob-omp1	1	wgeru	-	128	200	356423.6	737616.8
ob-omp1	1	wgeru	-	256	100	1374809.2	2942656.4
ob-omp1	1	wgeru	-	512	25	5631879.9	11857613.3
ob-omp1	1	wgeru	y2	128	200	346479.8	734131.6
ob-omp1	1	wgeru	y2	256	100	1369122.6	2958875.7
ob-omp1	1	wgeru	y2	512	25	5606149.2	11832513.8
ob-omp1	1	wgeru	y-1	128	200	343263.6	726929.7
ob-omp1	1	wgeru	y-1	256	100	1366538.4	2958481.4
ob-omp1	1	wgeru	y-1	512	25	5660009.3	11917802.8
ob-omp1	1	wgeru	x2	128	200	345848.3	735259.2
ob-omp1	1	wgeru	x2	256	101	1396716.7	2936031.9
ob-omp1	1	wgeru	x2	512	25	5672523.2	11843928.9
ob-omp1	1	wgeru	x2/y2	128	200	344316.8	730274.5
ob-omp1	1	wgeru	x2/y2	256	100	1376143.3	2953501.4
ob-omp1	1	wgeru	x2/y2	512	25	5621245.4	11756679.4
ob-omp1	1	wgeru	x2/y-1	128	200	346929.0	730561.8
ob-omp1	1	wgeru	x2/y-1	256	100	1416420.1	2955448.1
ob-omp1	1	wgeru	x2/y-1	512	25	5631460.2	12056266.6
ob-omp1	1	wgeru	x-1	128	200	345370.3	733936.9
ob-omp1	1	wgeru	x-1	256	100	1376237.7	2958844.2
ob-omp1	1	wgeru	x-1	512	25	5649529.7	11786164.9
ob-omp1	1	wgeru	x-1/y2	128	200	345168.7	728063.0
ob-omp1	1	wgeru	x-1/y2	256	101	1376786.9	2916470.5
ob-omp1	1	wgeru	x-1/y2	512	25	5598964.4	11810744.4
ob-omp1	1	wgeru	x-1/y-1	128	200	348444.5	733204.3
ob-omp1	1	wgeru	x-1/y-1	256	101	1399907.8	2934665.5
ob-omp1	1	wgeru	x-1/y-1	512	25	5655543.4	11836328.0
ob-omp4	4	wgeru	-	128	200	104211.5	775762.4
ob-omp4	4	wgeru	-	256	95	396434.8	3118989.7
ob-omp4	4	wgeru	-	512	24	1498234.6	12279590.2
ob-omp4	4	wgeru	y2	128	200	105430.7	780822.6
ob-omp4	4	wgeru	y2	256	96	376374.1	3082105.6
ob-omp4	4	wgeru	y2	512	24	1497952.1	12521445.4
ob-omp4	4	wgeru	y-1	128	200	105666.8	776226.7
ob-omp4	4	wgeru	y-1	256	96	405098.3	3076838.3
ob-omp4	4	wgeru	y-1	512	24	1504275.3	12508705.7
ob-omp4	4	wgeru	x2	128	200	102071.1	778582.7
ob-omp4	4	wgeru	x2	256	97	375976.0	3051949.2
ob-omp4	4	wgeru	x2	512	24	1503836.4	12380737.0
ob-omp4	4	wgeru	x2/y2	128	200	106096.7	778105.3
ob-omp4	4	wgeru	x2/y2	256	94	375714.2	3125778.5
ob-omp4	4	wgeru	x2/y2	512	24	1498175.5	12510654.3
ob-omp4	4	wgeru	x2/y-1	128	200	102435.5	780340.8
ob-omp4	4	wgeru	x2/y-1	256	95	378874.5	3120436.6
ob-omp4	4	wgeru	x2/y-1	512	24	1510016.7	12528747.0
ob-omp4	4	wgeru	x-1	128	200	105376.7	776163.4
ob-omp4	4	wgeru	x-1	256	95	375604.9	3112040.8
ob-omp4	4	wgeru	x-1	512	24	1498776.1	12482515.5
ob-omp4	4	wgeru	x-1/y2	128	200	105592.3	776532.1
ob-omp4	4	wgeru	x-1/y2	256	96	404836.2	3083252.6
ob-omp4	4	wgeru	x-1/y2	512	24	1501382.5	12356200.4
ob-omp4	4	wgeru	x-1/y-1	128	200	100101.0	776641.6
ob-omp4	4	wgeru	x-1/y-1	256	95	375736.3	3099557.3
ob-omp4	4	wgeru	x-1/y-1	512	24	1510651.9	12529008.4
par-omp1	1	mger	-	128	200	18033.4	306725.5
par-omp1	1	mger	-	256	200	68459.8	1210920.5
par-omp1	1	mger	-	512	61	277915.3	4853553.4
par-omp1	1	mger	-	1024	15	1493756.4	19480436.4
par-omp1	1	mger	y2	128	200	83034.4	302409.9
par-omp1	1	mger	y2	256	200	331390.8	1198234.9
par-omp1	1	mger	y2	512	61	1318042.0	4785963.5
par-omp1	1	mger	y2	1024	15	5581186.1	19294217.5
par-omp1	1	mger	y-1	128	200	83599.7	300309.9
par-omp1	1	mger	y-1	256	200	331973.3	1222797.4
par-omp1	1	mger	y-1	512	61	1328552.0	4854157.0
par-omp1	1	mger	y-1	1024	15	5687174.4	19321030.7
par-omp1	1	mger	x2	128	200	84301.0	298045.2
par-omp1	1	mger	x2	256	200	335803.6	1186750.3
par-omp1	1	mger	x2	512	62	1333136.4	4741085.2
par-omp1	1	mger	x2	1024	15	5587306.3	19151644.7
par-omp1	1	mger	x2/y2	128	200	83406.9	295783.5
par-omp1	1	mger	x2/y2	256	200	327978.9	1180339.9
par-omp1	1	mger	x2/y2	512	62	1319700.9	4728501.5
par-omp1	1	mger	x2/y2	1024	15	5633956.9	19197287.2
par-omp1	1	mger	x2/y-1	128	200	83711.9	299300.4
par-omp1	1	mger	x2/y-1	256	200	337861.1	1188783.3
par-omp1	1	mger	x2/y-1	512	62	1320094.0	4742403.8
par-omp1	1	mger	x2/y-1	1024	15	5685456.0	19327724.6
par-omp1	1	mger	x-1	128	200	83810.3	295832.9
par-omp1	1	mger	x-1	256	200	332217.8	1181472.1
par-omp1	1	mger	x-1	512	62	1359717.9	4773640.4
par-omp1	1	mger	x-1	1024	15	5646904.7	19184939.3
par-omp1	1	mger	x-1/y2	128	200	84072.0	295819.0
par-omp1	1	mger	x-1/y2	256	200	333480.6	1193872.1
par-omp1	1	mger	x-1/y2	512	62	1355982.1	4737766.2
par-omp1	1	mger	x-1/y2	1024	15	5612063.5	19180547.7
par-omp1	1	mger	x-1/y-1	128	200	83618.3	298042.4
par-omp1	1	mger	x-1/y-1	256	200	336495.8	1183940.1
par-omp1	1	mger	x-1/y-1	512	62	1340205.8	4723983.3
par-omp1	1	mger	x-1/y-1	1024	16	5707571.8	19078504.3
par-omp4	4	mger	-	128	200	6129.6	320546.3
par-omp4	4	mger	-	256	200	21075.2	1277511.3
par-omp4	4	mger	-	512	58	83714.6	5093693.0
par-omp4	4	mger	-	1024	15	936966.1	20586950.1
par-omp4	4	mger	y2	128	200	26534.1	320605.8
par-omp4	4	mger	y2	256	200	96898.1	1277924.4
par-omp4	4	mger	y2	512	58	374947.0	5094871.5
par-omp4	4	mger	y2	1024	15	1508118.5	20381055.5
par-omp4	4	mger	y-1	128	200	26650.0	320571.6
par-omp4	4	mger	y-1	256	200	98405.2	1258217.3
par-omp4	4	mger	y-1	512	59	380284.3	4990257.3
par-omp4	4	mger	y-1	1024	15	1505826.4	20422418.9
par-omp4	4	mger	x2	128	200	27436.5	316514.1
par-omp4	4	mger	x2	256	200	94890.5	1261221.1
par-omp4	4	mger	x2	512	59	388771.1	5008285.4
par-omp4	4	mger	x2	1024	15	1504240.8	20353763.0
par-omp4	4	mger	x2/y2	128	200	25344.4	316091.0
par-omp4	4	mger	x2/y2	256	200	94905.7	1242972.8
par-omp4	4	mger	x2/y2	512	58	385408.1	5039448.0
par-omp4	4	mger	x2/y2	1024	15	1498441.4	20094350.5
par-omp4	4	mger	x2/y-1	128	200	27001.7	316071.2
par-omp4	4	mger	x2/y-1	256	200	95162.9	1254508.6
par-omp4	4	mger	x2/y-1	512	60	382449.7	4927883.1
par-omp4	4	mger	x2/y-1	1024	15	1501853.4	19944971.5
par-omp4	4	mger	x-1	128	200	27054.1	316113.5
par-omp4	4	mger	x-1	256	200	97420.2	1259781.8
par-omp4	4	mger	x-1	512	58	383786.1	5036734.9
par-omp4	4	mger	x-1	1024	15	1499065.9	20311117.4
par-omp4	4	mger	x-1/y2	128	200	25738.8	316142.0
par-omp4	4	mger	x-1/y2	256	200	94436.6	1260922.3
par-omp4	4	mger	x-1/y2	512	59	376128.9	5024046.4
par-omp4	4	mger	x-1/y2	1024	15	1498622.3	20128024.6
par-omp4	4	mger	x-1/y-1	128	200	25610.1	316110.0
par-omp4	4	mger	x-1/y-1	256	200	93727.5	1241830.2
par-omp4	4	mger	x-1/y-1	512	59	381275.9	5017091.1
par-omp4	4	mger	x-1/y-1	1024	15	1502527.3	20309563.4
ob-omp1	1	mger	-	128	200	87842.6	302817.1
ob-omp1	1	mger	-	256	200	327674.4	1205810.2
ob-omp1	1	mger	-	512	60	1323691.5	4864538.4
ob-omp1	1	mger	-	1024	15	5581445.5	19598027.7
ob-omp1	1	mger	y2	128	200	82915.0	300041.6
ob-omp1	1	mger	y2	256	200	327580.1	1198914.1
ob-omp1	1	mger	y2	512	60	1316485.6	4864384.5
ob-omp1	1	mger	y2	1024	15	5556527.6	19499114.0
ob-omp1	1	mger	y-1	128	200	83053.5	302920.5
ob-omp1	1	mger	y-1	256	200	335701.8	1202983.4
ob-omp1	1	mger	y-1	512	61	1325548.4	4802289.6
ob-omp1	1	mger	y-1	1024	15	5586639.0	19375875.5
ob-omp1	1	mger	x2	128	200	84272.3	297883.2
ob-omp1	1	mger	x2	256	200	332715.4	1189023.1
ob-omp1	1	mger	x2	512	62	1323782.6	4728235.0
ob-omp1	1	mger	x2	1024	15	5601002.5	19427163.9
ob-omp1	1	mger	x2/y2	128	200	83460.7	296216.4
ob-omp1	1	mger	x2/y2	256	200	333325.4	1183462.9
ob-omp1	1	mger	x2/y2	512	59	1344088.3	4931317.4
ob-omp1	1	mger	x2/y2	1024	15	5700982.5	19268286.1
ob-omp1	1	mger	x2/y-1	128	200	86665.2	311135.9
ob-omp1	1	mger	x2/y-1	256	200	347414.4	1185611.4
ob-omp1	1	mger	x2/y-1	512	62	1335491.8	4752805.6
ob-omp1	1	mger	x2/y-1	1024	15	5725607.6	19121837.9
ob-omp1	1	mger	x-1	128	200	83502.8	298559.6
ob-omp1	1	mger	x-1	256	200	331133.0	1185605.6
ob-omp1	1	mger	x-1	512	61	1325857.9	4779175.9
ob-omp1	1	mger	x-1	1024	15	5672838.8	19858525.0
ob-omp1	1	mger	x-1/y2	128	200	82326.6	298242.9
ob-omp1	1	mger	x-1/y2	256	200	330797.7	1186649.9
ob-omp1	1	mger	x-1/y2	512	61	1343168.9	4805505.9
ob-omp1	1	mger	x-1/y2	1024	15	5640048.4	19419726.5
ob-omp1	1	mger	x-1/y-1	128	200	83739.6	295938.3
ob-omp1	1	mger	x-1/y-1	256	200	332912.3	1181079.4
ob-omp1	1	mger	x-1/y-1	512	62	1341088.9	4761279.8
ob-omp1	1	mger	x-1/y-1	1024	15	5592620.5	19128129.7
ob-omp4	4	mger	-	128	200	25542.3	320551.6
ob-omp4	4	mger	-	256	200	93923.6	1277303.3
ob-omp4	4	mger	-	512	58	373118.7	5105001.9
ob-omp4	4	mger	-	1024	14	1492855.6	20611728.4
ob-omp4	4	mger	y2	128	200	24806.6	320647.7
ob-omp4	4	mger	y2	256	200	94225.2	1275538.8
ob-omp4	4	mger	y2	512	58	379373.1	5071473.9
ob-omp4	4	mger	y2	1024	15	1492978.3	20138334.0
ob-omp4	4	mger	y-1	128	200	24796.8	320642.9
ob-omp4	4	mger	y-1	256	200	94966.5	1282567.8
ob-omp4	4	mger	y-1	512	58	371027.3	5104188.8
ob-omp4	4	mger	y-1	1024	15	1491268.9	20142966.7
ob-omp4	4	mger	x2	128	200	26749.5	316336.9
ob-omp4	4	mger	x2	256	200	93239.3	1261488.0
ob-omp4	4	mger	x2	512	59	377588.6	4985063.5
ob-omp4	4	mger	x2	1024	15	1496295.0	20283793.3
ob-omp4	4	mger	x2/y2	128	200	25205.5	316319.6
ob-omp4	4	mger	x2/y2	256	200	94533.9	1261344.7
ob-omp4	4	mger	x2/y2	512	59	377723.5	5005959.9
ob-omp4	4	mger	x2/y2	1024	15	1493348.8	20287630.9
ob-omp4	4	mger	x2/y-1	128	200	25383.8	316346.3
ob-omp4	4	mger	x2/y-1	256	200	94294.1	1261378.4
ob-omp4	4	mger	x2/y-1	512	58	376274.6	5041227.4
ob-omp4	4	mger	x2/y-1	1024	15	1492673.6	20326044.5
ob-omp4	4	mger	x-1	128	200	26419.1	316399.3
ob-omp4	4	mger	x-1	256	200	94650.8	1257112.9
ob-omp4	4	mger	x-1	512	59	376639.6	4995828.1
ob-omp4	4	mger	x-1	1024	15	1502077.2	20291355.7
ob-omp4	4	mger	x-1/y2	128	200	26273.4	316484.5
ob-omp4	4	mger	x-1/y2	256	200	95604.6	1261487.1
ob-omp4	4	mger	x-1/y2	512	59	375798.7	5023597.4
ob-omp4	4	mger	x-1/y2	1024	15	1500487.8	20334132.9
ob-omp4	4	mger	x-1/y-1	128	200	25235.4	316490.5
ob-omp4	4	mger	x-1/y-1	256	200	94286.2	1251868.8
ob-omp4	4	mger	x-1/y-1	512	59	377524.6	5006678.3
ob-omp4	4	mger	x-1/y-1	1024	15	1500701.3	19917784.8
par-omp1	1	wgerc	-	128	200	59737.6	748888.9
par-omp1	1	wgerc	-	256	102	221794.3	2902473.5
par-omp1	1	wgerc	-	512	25	1028988.5	12016404.5
par-omp1	1	wgerc	y2	128	200	369893.2	738256.6
par-omp1	1	wgerc	y2	256	99	1460220.7	2985294.0
par-omp1	1	wgerc	y2	512	24	5897287.8	12127870.5
par-omp1	1	wgerc	y-1	128	200	381483.6	771167.5
par-omp1	1	wgerc	y-1	256	100	1439497.5	2946191.0
par-omp1	1	wgerc	y-1	512	25	5879947.6	11955729.3
par-omp1	1	wgerc	x2	128	200	359806.6	732087.6
par-omp1	1	wgerc	x2	256	101	1451795.1	2929515.7
par-omp1	1	wgerc	x2	512	25	5852458.1	11667573.8
par-omp1	1	wgerc	x2/y2	128	200	357783.2	728989.5
par-omp1	1	wgerc	x2/y2	256	101	1421577.0	2911793.4
par-omp1	1	wgerc	x2/y2	512	24	6011694.2	12283245.0
par-omp1	1	wgerc	x2/y-1	128	200	367182.1	737641.8
par-omp1	1	wgerc	x2/y-1	256	101	1426736.4	2913895.6
par-omp1	1	wgerc	x2/y-1	512	25	5887720.4	11716667.4
par-omp1	1	wgerc	x-1	128	200	357442.1	727663.7
par-omp1	1	wgerc	x-1	256	101	1442792.7	2936995.3
par-omp1	1	wgerc	x-1	512	25	5848134.3	11794883.2
par-omp1	1	wgerc	x-1/y2	128	200	359848.7	729777.7
par-omp1	1	wgerc	x-1/y2	256	101	1426880.4	2916533.4
par-omp1	1	wgerc	x-1/y2	512	25	5836342.2	11796160.2
par-omp1	1	wgerc	x-1/y-1	128	200	372157.6	741422.9
par-omp1	1	wgerc	x-1/y-1	256	102	1425061.7	2907266.0
par-omp1	1	wgerc	x-1/y-1	512	25	5857322.2	11814693.6
par-omp4	4	wgerc	-	128	200	16973.4	776687.9
par-omp4	4	wgerc	-	256	96	62609.2	3086284.1
par-omp4	4	wgerc	-	512	24	419004.4	12468727.2
par-omp4	4	wgerc	y2	128	200	106029.9	776053.9
par-omp4	4	wgerc	y2	256	96	391859.9	3085338.8
par-omp4	4	wgerc	y2	512	24	1553101.0	12356789.2
par-omp4	4	wgerc	y-1	128	200	105039.7	776511.2
par-omp4	4	wgerc	y-1	256	95	404809.2	3104603.9
par-omp4	4	wgerc	y-1	512	24	1557969.1	12531524.7
par-omp4	4	wgerc	x2	128	200	102413.3	777414.9
par-omp4	4	wgerc	x2	256	95	385339.5	3104687.2
par-omp4	4	wgerc	x2	512	24	1549531.9	12403220.8
par-omp4	4	wgerc	x2/y2	128	200	105509.3	779139.4
par-omp4	4	wgerc	x2/y2	256	95	385752.4	3113335.4
par-omp4	4	wgerc	x2/y2	512	24	1550085.1	12351339.5
par-omp4	4	wgerc	x2/y-1	128	200	100533.6	774390.9
par-omp4	4	wgerc	x2/y-1	256	96	385404.7	3085789.2
par-omp4	4	wgerc	x2/y-1	512	24	1551248.4	12494288.6
par-omp4	4	wgerc	x-1	128	200	101612.4	778273.6
par-omp4	4	wgerc	x-1	256	97	385518.7	3042829.5
par-omp4	4	wgerc	x-1	512	24	1554916.0	12552407.8
par-omp4	4	wgerc	x-1/y2	128	200	100668.7	778220.2
par-omp4	4	wgerc	x-1/y2	256	95	385596.9	3102239.6
par-omp4	4	wgerc	x-1/y2	512	24	1554983.3	12565349.9
par-omp4	4	wgerc	x-1/y-1	128	200	101507.5	778356.5
par-omp4	4	wgerc	x-1/y-1	256	96	387165.2	3078033.2
par-omp4	4	wgerc	x-1/y-1	512	24	1555234.1	12537135.2
ob-omp1	1	wgerc	-	128	200	353661.6	746775.5
ob-omp1	1	wgerc	-	256	99	1382378.8	2973697.1
ob-omp1	1	wgerc	-	512	25	5686940.7	11855543.4
ob-omp1	1	wgerc	y2	128	200	341781.0	730045.2
ob-omp1	1	wgerc	y2	256	101	1380044.6	2919993.1
ob-omp1	1	wgerc	y2	512	25	5632415.8	11783605.8
ob-omp1	1	wgerc	y-1	128	200	347193.2	731805.1
ob-omp1	1	wgerc	y-1	256	100	1368770.4	2946270.9
ob-omp1	1	wgerc	y-1	512	25	5630367.9	11917553.7
ob-omp1	1	wgerc	x2	128	200	358461.9	725739.0
ob-omp1	1	wgerc	x2	256	100	1378571.6	2964952.1
ob-omp1	1	wgerc	x2	512	25	5657739.4	11808654.4
ob-omp1	1	wgerc	x2/y2	128	200	346565.7	733724.2
ob-omp1	1	wgerc	x2/y2	256	101	1379745.7	2924659.2
ob-omp1	1	wgerc	x2/y2	512	25	5681774.3	11898725.9
ob-omp1	1	wgerc	x2/y-1	128	200	345569.0	735817.9
ob-omp1	1	wgerc	x2/y-1	256	101	1368413.1	2921234.2
ob-omp1	1	wgerc	x2/y-1	512	25	5655210.2	11872359.8
ob-omp1	1	wgerc	x-1	128	200	345823.4	732240.2
ob-omp1	1	wgerc	x-1	256	99	1388773.2	2991844.8
ob-omp1	1	wgerc	x-1	512	25	5645922.7	12084315.7
ob-omp1	1	wgerc	x-1/y2	128	200	354599.1	731978.2
ob-omp1	1	wgerc	x-1/y2	256	100	1399587.3	2964888.1
ob-omp1	1	wgerc	x-1/y2	512	25	5620353.8	11932452.0
ob-omp1	1	wgerc	x-1/y-1	128	200	341707.8	732283.4
ob-omp1	1	wgerc	x-1/y-1	256	101	1373560.5	2922565.7
ob-omp1	1	wgerc	x-1/y-1	512	25	5619246.3	11847723.7
ob-omp4	4	wgerc	-	128	200	103265.7	814274.3
ob-omp4	4	wgerc	-	256	90	398109.6	3291523.1
ob-omp4	4	wgerc	-	512	23	1502661.7	13191357.5
ob-omp4	4	wgerc	y2	128	200	101704.2	814439.3
ob-omp4	4	wgerc	y2	256	90	376551.7	3302830.6
ob-omp4	4	wgerc	y2	512	22	1501428.0	13325303.3
ob-omp4	4	wgerc	y-1	128	200	101922.7	814338.2
ob-omp4	4	wgerc	y-1	256	90	377108.0	3293862.3
ob-omp4	4	wgerc	y-1	512	22	1501927.7	13322440.8
ob-omp4	4	wgerc	x2	128	200	104922.1	811813.7
ob-omp4	4	wgerc	x2	256	91	389948.9	3261471.7
ob-omp4	4	wgerc	x2	512	23	1503611.6	13186489.4
ob-omp4	4	wgerc	x2/y2	128	200	105305.9	814309.3
ob-omp4	4	wgerc	x2/y2	256	91	402061.8	3245294.1
ob-omp4	4	wgerc	x2/y2	512	22	1506562.1	13312089.7
ob-omp4	4	wgerc	x2/y-1	128	200	105248.8	812511.0
ob-omp4	4	wgerc	x2/y-1	256	90	376309.0	3293740.8
ob-omp4	4	wgerc	x2/y-1	512	23	1502326.7	13194388.9
ob-omp4	4	wgerc	x-1	128	200	105324.7	815167.8
ob-omp4	4	wgerc	x-1	256	91	377106.8	3266550.8
ob-omp4	4	wgerc	x-1	512	22	1499532.5	13329103.4
ob-omp4	4	wgerc	x-1/y2	128	200	100016.5	815011.4
ob-omp4	4	wgerc	x-1/y2	256	90	375513.8	3305569.8
ob-omp4	4	wgerc	x-1/y2	512	22	1499455.1	13303236.3
ob-omp4	4	wgerc	x-1/y-1	128	200	105009.3	815438.1
ob-omp4	4	wgerc	x-1/y-1	256	90	403073.9	3285442.3
ob-omp4	4	wgerc	x-1/y-1	512	22	1502202.3	13287720.6
par-omp1	1	wgeru	-	128	200	61499.3	750066.3
par-omp1	1	wgeru	-	256	102	222859.5	2914467.0
par-omp1	1	wgeru	-	512	25	1029375.1	11799465.3
par-omp1	1	wgeru	y2	128	200	346900.2	724423.1
par-omp1	1	wgeru	y2	256	102	1385863.6	2903975.2
par-omp1	1	wgeru	y2	512	25	5681137.3	11820308.8
par-omp1	1	wgeru	y-1	128	200	346973.9	721995.5
par-omp1	1	wgeru	y-1	256	101	1386391.9	2921466.1
par-omp1	1	wgeru	y-1	512	25	5644265.1	11702757.0
par-omp1	1	wgeru	x2	128	200	352738.4	730835.9
par-omp1	1	wgeru	x2	256	101	1403550.0	2944002.0
par-omp1	1	wgeru	x2	512	25	5774209.0	11808902.2
par-omp1	1	wgeru	x2/y2	128	200	352842.6	738640.3
par-omp1	1	wgeru	x2/y2	256	100	1411594.9	2946026.4
par-omp1	1	wgeru	x2/y2	512	25	5895377.4	11792212.7
par-omp1	1	wgeru	x2/y-1	128	200	352056.5	731664.8
par-omp1	1	wgeru	x2/y-1	256	101	1406233.5	2924217.2
par-omp1	1	wgeru	x2/y-1	512	25	5747155.7	11736008.7
par-omp1	1	wgeru	x-1	128	200	355504.9	730584.5
par-omp1	1	wgeru	x-1	256	100	1406036.0	2941638.6
par-omp1	1	wgeru	x-1	512	24	5760468.1	12411552.0
par-omp1	1	wgeru	x-1/y2	128	200	359244.6	735415.3
par-omp1	1	wgeru	x-1/y2	256	100	1408007.8	2945598.4
par-omp1	1	wgeru	x-1/y2	512	25	5765411.2	11958072.0
par-omp1	1	wgeru	x-1/y-1	128	200	355862.9	728659.8
par-omp1	1	wgeru	x-1/y-1	256	101	1404551.3	2928808.2
par-omp1	1	wgeru	x-1/y-1	512	25	5794043.3	12064731.2
par-omp4	4	wgeru	-	128	200	16973.7	770322.2
par-omp4	4	wgeru	-	256	97	62112.0	3051606.7
par-omp4	4	wgeru	-	512	24	412713.3	12210785.0
par-omp4	4	wgeru	y2	128	200	104070.4	771059.3
par-omp4	4	wgeru	y2	256	95	375164.6	3115384.9
par-omp4	4	wgeru	y2	512	24	1509798.0	12503445.3
par-omp4	4	wgeru	y-1	128	200	99811.4	770771.1
par-omp4	4	wgeru	y-1	256	97	382453.4	3064800.4
par-omp4	4	wgeru	y-1	512	24	1507840.6	12416769.1
par-omp4	4	wgeru	x2	128	200	104765.8	781088.5
par-omp4	4	wgeru	x2	256	95	377280.9	3112533.0
par-omp4	4	wgeru	x2	512	24	1537340.8	12391950.2
par-omp4	4	wgeru	x2/y2	128	200	99390.5	794520.2
par-omp4	4	wgeru	x2/y2	256	96	375334.6	3095040.6
par-omp4	4	wgeru	x2/y2	512	24	1509286.9	12521302.2
par-omp4	4	wgeru	x2/y-1	128	200	100227.0	778934.2
par-omp4	4	wgeru	x2/y-1	256	96	382263.7	3069848.2
par-omp4	4	wgeru	x2/y-1	512	24	1507298.5	12495758.3
par-omp4	4	wgeru	x-1	128	200	104631.6	775981.8
par-omp4	4	wgeru	x-1	256	95	384066.3	3119929.8
par-omp4	4	wgeru	x-1	512	24	1509045.4	12466889.7
par-omp4	4	wgeru	x-1/y2	128	200	100621.3	779237.8
par-omp4	4	wgeru	x-1/y2	256	97	374923.4	3046350.3
par-omp4	4	wgeru	x-1/y2	512	24	1508606.0	12334656.7
par-omp4	4	wgeru	x-1/y-1	128	200	104750.1	776713.4
par-omp4	4	wgeru	x-1/y-1	256	96	378251.5	3073951.3
par-omp4	4	wgeru	x-1/y-1	512	24	1510492.7	12289160.5
ob-omp1	1	wgeru	-	128	200	348021.8	726376.2
ob-omp1	1	wgeru	-	256	101	1372880.4	2922542.2
ob-omp1	1	wgeru	-	512	25	5655374.6	11890983.4
ob-omp1	1	wgeru	y2	128	200	345749.0	741042.2
ob-omp1	1	wgeru	y2	256	100	1380594.0	2944504.6
ob-omp1	1	wgeru	y2	512	25	5644105.9	11985898.5
ob-omp1	1	wgeru	y-1	128	200	343616.9	727962.2
ob-omp1	1	wgeru	y-1	256	99	1379701.2	2979701.6
ob-omp1	1	wgeru	y-1	512	25	5692871.8	11798432.6
ob-omp1	1	wgeru	x2	128	200	346921.6	729067.0
ob-omp1	1	wgeru	x2	256	101	1376233.2	2938110.5
ob-omp1	1	wgeru	x2	512	25	5693676.4	11784106.4
ob-omp1	1	wgeru	x2/y2	128	200	344363.9	731089.6
ob-omp1	1	wgeru	x2/y2	256	100	1391029.0	2941177.9
ob-omp1	1	wgeru	x2/y2	512	25	5680115.2	11775825.3
ob-omp1	1	wgeru	x2/y-1	128	200	345174.3	728764.2
ob-omp1	1	wgeru	x2/y-1	256	100	1372570.7	2958632.8
ob-omp1	1	wgeru	x2/y-1	512	25	5607480.7	11759979.8
ob-omp1	1	wgeru	x-1	128	200	346425.3	729138.1
ob-omp1	1	wgeru	x-1	256	100	1378105.3	2944510.4
ob-omp1	1	wgeru	x-1	512	25	5623436.9	11814647.7
ob-omp1	1	wgeru	x-1/y2	128	200	349690.0	728733.3
ob-omp1	1	wgeru	x-1/y2	256	101	1381892.5	2912412.6
ob-omp1	1	wgeru	x-1/y2	512	25	5706147.9	11825910.2
ob-omp1	1	wgeru	x-1/y-1	128	200	342529.9	736022.6
ob-omp1	1	wgeru	x-1/y-1	256	100	1391685.8	2944371.7
ob-omp1	1	wgeru	x-1/y-1	512	25	5794928.3	11840347.1
ob-omp4	4	wgeru	-	128	200	96900.2	775200.0
ob-omp4	4	wgeru	-	256	95	374938.0	3112706.3
ob-omp4	4	wgeru	-	512	24	1497107.1	12519987.0
ob-omp4	4	wgeru	y2	128	200	101413.8	775538.4
ob-omp4	4	wgeru	y2	256	97	375670.1	3041992.2
ob-omp4	4	wgeru	y2	512	24	1499201.0	12330165.1
ob-omp4	4	wgeru	y-1	128	200	104655.4	775033.2
ob-omp4	4	wgeru	y-1	256	95	389155.2	3100480.0
ob-omp4	4	wgeru	y-1	512	24	1498006.1	12505128.2
ob-omp4	4	wgeru	x2	128	200	104960.3	778267.8
ob-omp4	4	wgeru	x2	256	96	389344.6	3085316.3
ob-omp4	4	wgeru	x2	512	24	1498579.4	12524223.8
ob-omp4	4	wgeru	x2/y2	128	200	101773.1	777703.2
ob-omp4	4	wgeru	x2/y2	256	95	391172.1	3118027.8
ob-omp4	4	wgeru	x2/y2	512	24	1509660.9	12455107.6
ob-omp4	4	wgeru	x2/y-1	128	200	105110.6	778765.0
ob-omp4	4	wgeru	x2/y-1	256	97	378944.6	3048025.4
ob-omp4	4	wgeru	x2/y-1	512	24	1499523.4	12361848.9
ob-omp4	4	wgeru	x-1	128	200	104579.4	777054.7
ob-omp4	4	wgeru	x-1	256	95	375931.6	3109071.9
ob-omp4	4	wgeru	x-1	512	24	1498086.0	12642479.6
ob-omp4	4	wgeru	x-1/y2	128	200	100839.6	776222.7
ob-omp4	4	wgeru	x-1/y2	256	95	392421.5	3113710.8
ob-omp4	4	wgeru	x-1/y2	512	24	1501295.4	12494747.7
ob-omp4	4	wgeru	x-1/y-1	128	200	104736.8	775731.7
ob-omp4	4	wgeru	x-1/y-1	256	97	378531.6	3055921.2
ob-omp4	4	wgeru	x-1/y-1	512	24	1499058.6	12340719.1
par-omp1	1	mger	-	128	200	18128.4	306084.7
par-omp1	1	mger	-	256	200	69424.5	1205021.5
par-omp1	1	mger	-	512	61	267356.0	4803141.0
par-omp1	1	mger	-	1024	15	1493993.7	19417284.4
par-omp1	1	mger	y2	128	200	83876.1	301122.7
par-omp1	1	mger	y2	256	200	333145.0	1200538.0
par-omp1	1	mger	y2	512	61	1354600.2	4815820.8
par-omp1	1	mger	y2	1024	15	5634472.5	19319162.9
par-omp1	1	mger	y-1	128	200	85673.3	306394.3
par-omp1	1	mger	y-1	256	200	331711.9	1199873.4
par-omp1	1	mger	y-1	512	61	1326291.4	4784708.5
par-omp1	1	mger	y-1	1024	15	5599001.2	19434470.9
par-omp1	1	mger	x2	128	200	83800.1	296199.6
par-omp1	1	mger	x2	256	200	331889.4	1205691.7
par-omp1	1	mger	x2	512	62	1330669.4	4734660.5
par-omp1	1	mger	x2	1024	15	5656058.3	19202752.5
par-omp1	1	mger	x2/y2	128	200	83713.4	297464.8
par-omp1	1	mger	x2/y2	256	200	339669.2	1183560.9
par-omp1	1	mger	x2/y2	512	62	1332760.6	4723140.7
par-omp1	1	mger	x2/y2	1024	15	5637330.8	19487330.5
par-omp1	1	mger	x2/y-1	128	200	83711.1	295621.9
par-omp1	1	mger	x2/y-1	256	200	332618.6	1193858.2
par-omp1	1	mger	x2/y-1	512	62	1330718.4	4732369.0
par-omp1	1	mger	x2/y-1	1024	15	5639397.4	19164206.2
par-omp1	1	mger	x-1	128	200	83748.3	296862.4
par-omp1	1	mger	x-1	256	200	336115.7	1194016.9
par-omp1	1	mger	x-1	512	62	1356486.7	4717733.6
par-omp1	1	mger	x-1	1024	16	5692990.4	19103933.8
par-omp1	1	mger	x-1/y2	128	200	83759.1	296157.0
par-omp1	1	mger	x-1/y2	256	200	331908.6	1200752.6
par-omp1	1	mger	x-1/y2	512	62	1343883.4	4760695.3
par-omp1	1	mger	x-1/y2	1024	15	5646199.2	19157308.2
par-omp1	1	mger	x-1/y-1	128	200	83699.9	297489.7
par-omp1	1	mger	x-1/y-1	256	200	335369.4	1189301.7
par-omp1	1	mger	x-1/y-1	512	62	1336078.2	4730468.6
par-omp1	1	mger	x-1/y-1	1024	15	5614750.6	19154042.1
par-omp4	4	mger	-	128	200	6300.0	320568.2
par-omp4	4	mger	-	256	200	21460.7	1274173.1
par-omp4	4	mger	-	512	59	82712.2	5022441.4
par-omp4	4	mger	-	1024	15	932490.2	20359881.6
par-omp4	4	mger	y2	128	200	26871.8	321117.8
par-omp4	4	mger	y2	256	200	94624.8	1271300.2
par-omp4	4	mger	y2	512	58	389175.6	5046643.0
par-omp4	4	mger	y2	1024	15	1507035.9	20552934.6
par-omp4	4	mger	y-1	128	200	26603.3	320556.4
par-omp4	4	mger	y-1	256	200	98864.3	1277785.9
par-omp4	4	mger	y-1	512	58	380175.0	5090977.0
par-omp4	4	mger	y-1	1024	14	1497204.5	20588270.1
par-omp4	4	mger	x2	128	200	25816.7	316074.5
par-omp4	4	mger	x2	256	200	95888.7	1246956.2
par-omp4	4	mger	x2	512	60	379259.9	4936023.8
par-omp4	4	mger	x2	1024	15	1505552.4	20223773.3
par-omp4	4	mger	x2/y2	128	200	25995.6	316115.9
par-omp4	4	mger	x2/y2	256	200	95322.9	1265356.9
par-omp4	4	mger	x2/y2	512	60	388415.9	4920504.7
par-omp4	4	mger	x2/y2	1024	15	1505638.6	20348895.5
par-omp4	4	mger	x2/y-1	128	200	27330.0	316130.5
par-omp4	4	mger	x2/y-1	256	200	97881.0	1261389.3
par-omp4	4	mger	x2/y-1	512	58	383163.7	5037190.2
par-omp4	4	mger	x2/y-1	1024	15	1496924.4	20091201.6
par-omp4	4	mger	x-1	128	200	25580.5	316161.0
par-omp4	4	mger	x-1	256	200	94910.7	1249810.6
par-omp4	4	mger	x-1	512	59	377083.6	4987530.2
par-omp4	4	mger	x-1	1024	15	1501641.1	20055991.8
par-omp4	4	mger	x-1/y2	128	200	25885.6	316121.7
par-omp4	4	mger	x-1/y2	256	200	94510.3	1242893.8
par-omp4	4	mger	x-1/y2	512	59	389792.6	5011362.2
par-omp4	4	mger	x-1/y2	1024	15	1504346.2	20315844.2
par-omp4	4	mger	x-1/y-1	128	200	25912.4	316125.4
par-omp4	4	mger	x-1/y-1	256	200	94314.5	1241687.9
par-omp4	4	mger	x-1/y-1	512	59	392095.3	5002195.6
par-omp4	4	mger	x-1/y-1	1024	15	1498391.2	20287064.8
ob-omp1	1	mger	-	128	200	88641.5	313337.4
ob-omp1	1	mger	-	256	200	339140.4	1199164.1
ob-omp1	1	mger	-	512	61	1344783.7	4801906.3
ob-omp1	1	mger	-	1024	15	5588733.3	19338573.9
ob-omp1	1	mger	y2	128	200	82657.8	301209.4
ob-omp1	1	mger	y2	256	200	331992.4	1204725.4
ob-omp1	1	mger	y2	512	61	1326869.7	4808267.9
ob-omp1	1	mger	y2	1024	15	5553075.6	19291652.0
ob-omp1	1	mger	y-1	128	200	82919.8	299982.0
ob-omp1	1	mger	y-1	256	200	330565.7	1197106.1
ob-omp1	1	mger	y-1	512	61	1331927.7	4812856.7
ob-omp1	1	mger	y-1	1024	15	5627980.9	19456014.2
ob-omp1	1	mger	x2	128	200	83665.1	301028.8
ob-omp1	1	mger	x2	256	200	333688.9	1187170.8
ob-omp1	1	mger	x2	512	62	1326656.8	4740173.3
ob-omp1	1	mger	x2	1024	16	5619212.1	19129890.2
ob-omp1	1	mger	x2/y2	128	200	83532.2	296206.8
ob-omp1	1	mger	x2/y2	256	200	332956.2	1205336.2
ob-omp1	1	mger	x2/y2	512	62	1355741.0	4710623.0
ob-omp1	1	mger	x2/y2	1024	15	5598539.2	19169376.7
ob-omp1	1	mger	x2/y-1	128	200	83826.4	299710.9
ob-omp1	1	mger	x2/y-1	256	200	331536.4	1191105.8
ob-omp1	1	mger	x2/y-1	512	62	1362990.6	4749920.5
ob-omp1	1	mger	x2/y-1	1024	15	5705123.0	19221162.7
ob-omp1	1	mger	x-1	128	200	84169.8	297661.1
ob-omp1	1	mger	x-1	256	200	340122.7	1197338.2
ob-omp1	1	mger	x-1	512	62	1337161.2	4732029.8
ob-omp1	1	mger	x-1	1024	16	5661310.6	19123755.1
ob-omp1	1	mger	x-1/y2	128	200	83617.9	297419.1
ob-omp1	1	mger	x-1/y2	256	200	333190.5	1183491.6
ob-omp1	1	mger	x-1/y2	512	62	1332136.7	4722987.0
ob-omp1	1	mger	x-1/y2	1024	15	5660552.0	19220220.1
ob-omp1	1	mger	x-1/y-1	128	200	84174.8	297049.6
ob-omp1	1	mger	x-1/y-1	256	200	332600.7	1184778.2
ob-omp1	1	mger	x-1/y-1	512	62	1365762.3	4756657.6
ob-omp1	1	mger	x-1/y-1	1024	15	5636920.7	19217326.7
ob-omp4	4	mger	-	128	200	25823.9	320499.8
ob-omp4	4	mger	-	256	200	93893.0	1278240.5
ob-omp4	4	mger	-	512	59	377239.2	4991380.1
ob-omp4	4	mger	-	1024	15	1498740.5	20385233.3
ob-omp4	4	mger	y2	128	200	26576.7	320558.0
ob-omp4	4	mger	y2	256	200	94432.5	1272165.4
ob-omp4	4	mger	y2	512	58	380411.4	5054405.8
ob-omp4	4	mger	y2	1024	15	1492955.8	20095924.4
ob-omp4	4	mger	y-1	128	200	26245.4	320588.1
ob-omp4	4	mger	y-1	256	200	94585.8	1260427.3
ob-omp4	4	mger	y-1	512	59	377277.6	4992705.4
ob-omp4	4	mger	y-1	1024	15	1493686.6	20293132.9
ob-omp4	4	mger	x2	128	200	26665.0	316594.0
ob-omp4	4	mger	x2	256	200	94940.7	1249728.5
ob-omp4	4	mger	x2	512	60	379456.8	4942889.6
ob-omp4	4	mger	x2	1024	15	1497688.8	20243288.4
ob-omp4	4	mger	x2/y2	128	200	26368.6	316410.9
ob-omp4	4	mger	x2/y2	256	200	94652.2	1261977.1
ob-omp4	4	mger	x2/y2	512	60	374561.0	4921765.0
ob-omp4	4	mger	x2/y2	1024	15	1492812.2	20374091.2
ob-omp4	4	mger	x2/y-1	128	200	23730.2	316445.6
ob-omp4	4	mger	x2/y-1	256	200	94795.5	1261980.8
ob-omp4	4	mger	x2/y-1	512	59	374898.8	5021435.3
ob-omp4	4	mger	x2/y-1	1024	15	1491507.2	20190497.0
ob-omp4	4	mger	x-1	128	200	33050.9	316637.9
ob-omp4	4	mger	x-1	256	200	94269.6	1260250.8
ob-omp4	4	mger	x-1	512	59	383760.2	5003825.9
ob-omp4	4	mger	x-1	1024	15	1494157.1	20250682.9
ob-omp4	4	mger	x-1/y2	128	200	26969.0	316704.9
ob-omp4	4	mger	x-1/y2	256	200	94015.1	1261822.5
ob-omp4	4	mger	x-1/y2	512	59	378311.4	5018802.6
ob-omp4	4	mger	x-1/y2	1024	15	1493595.9	19975707.3
ob-omp4	4	mger	x-1/y-1	128	200	26662.1	316507.4
ob-omp4	4	mger	x-1/y-1	256	200	94413.6	1247307.3
ob-omp4	4	mger	x-1/y-1	512	59	379477.0	4969150.8
ob-omp4	4	mger	x-1/y-1	1024	15	1495884.6	20227509.5
par-omp1	1	wgerc	-	128	200	59727.2	739637.1
par-omp1	1	wgerc	-	256	102	223891.6	2907289.1
par-omp1	1	wgerc	-	512	25	1036420.8	11773946.9
par-omp1	1	wgerc	y2	128	200	358917.1	736560.1
par-omp1	1	wgerc	y2	256	101	1430236.0	2929574.8
par-omp1	1	wgerc	y2	512	25	5858044.3	11720253.4
par-omp1	1	wgerc	y-1	128	200	357262.1	734755.1
par-omp1	1	wgerc	y-1	256	102	1424433.1	2903811.2
par-omp1	1	wgerc	y-1	512	25	5830018.5	11740772.3
par-omp1	1	wgerc	x2	128	200	360460.2	732735.4
par-omp1	1	wgerc	x2	256	101	1425131.0	2937087.2
par-omp1	1	wgerc	x2	512	25	5856360.0	11731445.9
par-omp1	1	wgerc	x2/y2	128	200	367053.9	732416.2
par-omp1	1	wgerc	x2/y2	256	100	1433501.6	2949409.2
par-omp1	1	wgerc	x2/y2	512	25	5830229.1	11722744.3
par-omp1	1	wgerc	x2/y-1	128	200	358619.3	744298.2
par-omp1	1	wgerc	x2/y-1	256	101	1426507.7	2927870.9
par-omp1	1	wgerc	x2/y-1	512	25	5845842.7	11728843.7
par-omp1	1	wgerc	x-1	128	200	361003.3	746505.6
par-omp1	1	wgerc	x-1	256	101	1428880.4	2933154.5
par-omp1	1	wgerc	x-1	512	25	5858675.4	11830743.9
par-omp1	1	wgerc	x-1/y2	128	200	360685.9	739867.3
par-omp1	1	wgerc	x-1/y2	256	99	1423477.0	2985346.2
par-omp1	1	wgerc	x-1/y2	512	25	5836065.7	11958574.5
par-omp1	1	wgerc	x-1/y-1	128	200	360533.5	731318.6
par-omp1	1	wgerc	x-1/y-1	256	99	1426742.8	2978444.9
par-omp1	1	wgerc	x-1/y-1	512	25	5863787.1	11977987.2
par-omp4	4	wgerc	-	128	200	17707.1	773498.7
par-omp4	4	wgerc	-	256	98	63471.3	3028696.0
par-omp4	4	wgerc	-	512	24	417470.9	12243767.7
par-omp4	4	wgerc	y2	128	200	104871.6	774827.3
par-omp4	4	wgerc	y2	256	96	389963.6	3090325.0
par-omp4	4	wgerc	y2	512	24	1555393.4	12362958.1
par-omp4	4	wgerc	y-1	128	200	100805.2	773856.2
par-omp4	4	wgerc	y-1	256	96	384101.2	3076507.8
par-omp4	4	wgerc	y-1	512	24	1555171.2	12477792.3
par-omp4	4	wgerc	x2	128	200	101111.7	772868.1
par-omp4	4	wgerc	x2	256	96	385246.0	3094068.6
par-omp4	4	wgerc	x2	512	24	1550805.8	12173329.2
par-omp4	4	wgerc	x2/y2	128	200	105024.3	775284.7
par-omp4	4	wgerc	x2/y2	256	95	388092.4	3102574.4
par-omp4	4	wgerc	x2/y2	512	24	1551122.2	12430555.0
par-omp4	4	wgerc	x2/y-1	128	200	102025.7	772613.9
par-omp4	4	wgerc	x2/y-1	256	95	385363.1	3107633.6
par-omp4	4	wgerc	x2/y-1	512	24	1553029.7	12205372.6
par-omp4	4	wgerc	x-1	128	200	104577.9	776148.8
par-omp4	4	wgerc	x-1	256	95	405578.9	3103268.6
par-omp4	4	wgerc	x-1	512	24	1553317.5	12432404.6
par-omp4	4	wgerc	x-1/y2	128	200	104940.4	775840.6
par-omp4	4	wgerc	x-1/y2	256	96	385738.6	3088117.3
par-omp4	4	wgerc	x-1/y2	512	24	1554958.8	12449014.0
par-omp4	4	wgerc	x-1/y-1	128	200	104866.4	776085.0
par-omp4	4	wgerc	x-1/y-1	256	96	403847.9	3093977.3
par-omp4	4	wgerc	x-1/y-1	512	24	1554599.8	12227317.4
ob-omp1	1	wgerc	-	128	200	359714.1	746893.0
ob-omp1	1	wgerc	-	256	101	1366229.7	2921114.7
ob-omp1	1	wgerc	-	512	25	5642279.8	12046527.9
ob-omp1	1	wgerc	y2	128	200	361801.1	749406.7
ob-omp1	1	wgerc	y2	256	101	1403280.0	2931783.2
ob-omp1	1	wgerc	y2	512	25	5645247.4	11824811.4
ob-omp1	1	wgerc	y-1	128	200	349767.7	737777.8
ob-omp1	1	wgerc	y-1	256	101	1369039.1	2914229.3
ob-omp1	1	wgerc	y-1	512	25	5702151.5	11792985.5
ob-omp1	1	wgerc	x2	128	200	345441.1	727844.9
ob-omp1	1	wgerc	x2	256	101	1398184.5	2937473.9
ob-omp1	1	wgerc	x2	512	25	5626490.4	11837809.6
ob-omp1	1	wgerc	x2/y2	128	200	345057.8	735090.2
ob-omp1	1	wgerc	x2/y2	256	101	1376685.0	2915007.5
ob-omp1	1	wgerc	x2/y2	512	25	5717523.2	11728822.4
ob-omp1	1	wgerc	x2/y-1	128	200	351315.7	756325.4
ob-omp1	1	wgerc	x2/y-1	256	100	1371922.3	2940404.1
ob-omp1	1	wgerc	x2/y-1	512	25	5636142.8	11898299.4
ob-omp1	1	wgerc	x-1	128	200	357918.6	734664.5
ob-omp1	1	wgerc	x-1	256	101	1394559.8	2924455.4
ob-omp1	1	wgerc	x-1	512	25	5641557.9	11825481.3
ob-omp1	1	wgerc	x-1/y2	128	200	351939.2	728568.5
ob-omp1	1	wgerc	x-1/y2	256	100	1374512.6	2955574.7
ob-omp1	1	wgerc	x-1/y2	512	25	5618977.2	11815104.2
ob-omp1	1	wgerc	x-1/y-1	128	200	355265.6	737008.9
ob-omp1	1	wgerc	x-1/y-1	256	100	1396007.4	2941230.5
ob-omp1	1	wgerc	x-1/y-1	512	25	5649000.3	11839008.9
ob-omp4	4	wgerc	-	128	200	103870.9	777628.0
ob-omp4	4	wgerc	-	256	95	375703.9	3107083.2
ob-omp4	4	wgerc	-	512	24	1505345.3	12240076.6
ob-omp4	4	wgerc	y2	128	200	105551.3	777523.6
ob-omp4	4	wgerc	y2	256	95	376752.2	3106593.5
ob-omp4	4	wgerc	y2	512	24	1505550.4	12262753.5
ob-omp4	4	wgerc	y-1	128	200	105403.5	777545.6
ob-omp4	4	wgerc	y-1	256	97	391631.6	3047588.1
ob-omp4	4	wgerc	y-1	512	24	1505347.2	12532407.3
ob-omp4	4	wgerc	x2	128	200	103650.1	774892.5
ob-omp4	4	wgerc	x2	256	95	377092.8	3113486.9
ob-omp4	4	wgerc	x2	512	24	1501655.4	12508246.4
ob-omp4	4	wgerc	x2/y2	128	200	101829.8	777466.6
ob-omp4	4	wgerc	x2/y2	256	95	377082.5	3111297.6
ob-omp4	4	wgerc	x2/y2	512	24	1504908.1	12413752.6
ob-omp4	4	wgerc	x2/y-1	128	200	104142.3	775688.0
ob-omp4	4	wgerc	x2/y-1	256	95	377318.4	3100581.8
ob-omp4	4	wgerc	x2/y-1	512	24	1504408.7	12250897.4
ob-omp4	4	wgerc	x-1	128	200	104530.7	780923.2
ob-omp4	4	wgerc	x-1	256	96	375992.5	3084610.9
ob-omp4	4	wgerc	x-1	512	24	1501217.8	12426944.5
ob-omp4	4	wgerc	x-1/y2	128	200	105696.4	781695.3
ob-omp4	4	wgerc	x-1/y2	256	95	377326.4	3101696.7
ob-omp4	4	wgerc	x-1/y2	512	24	1500919.5	12290475.0
ob-omp4	4	wgerc	x-1/y-1	128	200	105983.8	779051.5
ob-omp4	4	wgerc	x-1/y-1	256	97	376007.7	3045596.8
ob-omp4	4	wgerc	x-1/y-1	512	24	1503350.8	12520234.3
par-omp1	1	wgeru	-	128	200	61138.6	745987.3
par-omp1	1	wgeru	-	256	100	222022.7	2945930.9
par-omp1	1	wgeru	-	512	25	1025364.7	11727551.0
par-omp1	1	wgeru	y2	128	200	344382.2	726395.5
par-omp1	1	wgeru	y2	256	102	1384518.8	2897635.4
par-omp1	1	wgeru	y2	512	25	5635579.1	11965955.7
par-omp1	1	wgeru	y-1	128	200	356726.2	728497.7
par-omp1	1	wgeru	y-1	256	100	1403526.4	2953341.0
par-omp1	1	wgeru	y-1	512	25	5660767.9	11821383.2
par-omp1	1	wgeru	x2	128	200	353680.4	734826.5
par-omp1	1	wgeru	x2	256	100	1406936.5	2947683.8
par-omp1	1	wgeru	x2	512	25	5762250.6	11743275.4
par-omp1	1	wgeru	x2/y2	128	200	356722.4	730520.8
par-omp1	1	wgeru	x2/y2	256	101	1402405.6	2923250.9
par-omp1	1	wgeru	x2/y2	512	25	5746275.3	11739598.2
par-omp1	1	wgeru	x2/y-1	128	200	353611.7	732608.6
par-omp1	1	wgeru	x2/y-1	256	100	1414208.3	2953555.0
par-omp1	1	wgeru	x2/y-1	512	25	5798541.4	11784689.8
par-omp1	1	wgeru	x-1	128	200	353740.2	731717.5
par-omp1	1	wgeru	x-1	256	101	1401844.0	2933951.5
par-omp1	1	wgeru	x-1	512	25	5789825.1	11895115.1
par-omp1	1	wgeru	x-1/y2	128	200	358154.8	732807.2
par-omp1	1	wgeru	x-1/y2	256	99	1408190.5	2986102.4
par-omp1	1	wgeru	x-1/y2	512	25	5766659.9	11907602.2
par-omp1	1	wgeru	x-1/y-1	128	200	352747.5	732267.3
par-omp1	1	wgeru	x-1/y-1	256	100	1408785.8	2964582.7
par-omp1	1	wgeru	x-1/y-1	512	25	5880030.5	11835819.1
par-omp4	4	wgeru	-	128	200	17594.2	774209.3
par-omp4	4	wgeru	-	256	97	64371.1	3059424.4
par-omp4	4	wgeru	-	512	24	421179.8	12546454.2
par-omp4	4	wgeru	y2	128	200	100629.3	774125.4
par-omp4	4	wgeru	y2	256	98	383176.2	3030203.4
par-omp4	4	wgeru	y2	512	24	1508752.3	12518574.1
par-omp4	4	wgeru	y-1	128	200	100138.5	772430.5
par-omp4	4	wgeru	y-1	256	95	375790.3	3110223.1
par-omp4	4	wgeru	y-1	512	24	1507141.8	12444754.1
par-omp4	4	wgeru	x2	128	200	105455.8	783928.1
par-omp4	4	wgeru	x2	256	95	375676.4	3117031.6
par-omp4	4	wgeru	x2	512	24	1508598.1	12594972.3
par-omp4	4	wgeru	x2/y2	128	200	100944.9	782928.6
par-omp4	4	wgeru	x2/y2	256	94	382517.4	3130566.5
par-omp4	4	wgeru	x2/y2	512	24	1507967.9	12607934.6
par-omp4	4	wgeru	x2/y-1	128	200	105531.6	782755.4
par-omp4	4	wgeru	x2/y-1	256	94	375329.5	3130590.8
par-omp4	4	wgeru	x2/y-1	512	24	1510810.5	12484406.8
par-omp4	4	wgeru	x-1	128	200	104956.9	779957.5
par-omp4	4	wgeru	x-1	256	95	375598.6	3113354.9
par-omp4	4	wgeru	x-1	512	24	1509712.8	12625862.3
par-omp4	4	wgeru	x-1/y2	128	200	100603.2	780240.3
par-omp4	4	wgeru	x-1/y2	256	96	380422.7	3063993.2
par-omp4	4	wgeru	x-1/y2	512	24	1511530.8	12670293.0
par-omp4	4	wgeru	x-1/y-1	128	200	104483.9	779843.7
par-omp4	4	wgeru	x-1/y-1	256	94	375273.5	3130346.8
par-omp4	4	wgeru	x-1/y-1	512	24	1507965.6	12392103.4
ob-omp1	1	wgeru	-	128	200	356052.1	741610.9
ob-omp1	1	wgeru	-	256	100	1371912.7	2946172.5
ob-omp1	1	wgeru	-	512	25	5610359.0	11803755.8
ob-omp1	1	wgeru	y2	128	200	345548.0	729282.8
ob-omp1	1	wgeru	y2	256	102	1374744.0	2907913.4
ob-omp1	1	wgeru	y2	512	25	5676643.3	12097458.4
ob-omp1	1	wgeru	y-1	128	200	342916.6	726045.7
ob-omp1	1	wgeru	y-1	256	100	1368332.3	2947447.2
ob-omp1	1	wgeru	y-1	512	25	5688494.6	11886150.1
ob-omp1	1	wgeru	x2	128	200	346092.4	730864.7
ob-omp1	1	wgeru	x2	256	101	1380545.9	2932013.0
ob-omp1	1	wgeru	x2	512	25	5636661.3	11769059.0
ob-omp1	1	wgeru	x2/y2	128	200	341303.2	729276.0
ob-omp1	1	wgeru	x2/y2	256	101	1370049.7	2934138.4
ob-omp1	1	wgeru	x2/y2	512	25	5620578.1	11730096.9
ob-omp1	1	wgeru	x2/y-1	128	200	345714.9	729709.2
ob-omp1	1	wgeru	x2/y-1	256	101	1371280.5	2935411.7
ob-omp1	1	wgeru	x2/y-1	512	25	5601434.3	12013267.6
ob-omp1	1	wgeru	x-1	128	200	347829.4	730491.9
ob-omp1	1	wgeru	x-1	256	101	1388130.8	2935984.2
ob-omp1	1	wgeru	x-1	512	25	5682531.0	12021987.0
ob-omp1	1	wgeru	x-1/y2	128	200	344496.8	727996.3
ob-omp1	1	wgeru	x-1/y2	256	101	1378099.8	2924721.4
ob-omp1	1	wgeru	x-1/y2	512	25	5637866.4	11818895.9
ob-omp1	1	wgeru	x-1/y-1	128	200	342828.4	730837.0
ob-omp1	1	wgeru	x-1/y-1	256	101	1372982.3	2927040.5
ob-omp1	1	wgeru	x-1/y-1	512	25	5642620.3	12107296.2
ob-omp4	4	wgeru	-	128	200	101340.9	773821.4
ob-omp4	4	wgeru	-	256	95	374836.4	3101877.0
ob-omp4	4	wgeru	-	512	24	1502318.5	12381942.0
ob-omp4	4	wgeru	y2	128	200	103912.9	775396.7
ob-omp4	4	wgeru	y2	256	97	378156.1	3038502.8
ob-omp4	4	wgeru	y2	512	24	1498321.3	12277361.6
ob-omp4	4	wgeru	y-1	128	200	97499.9	775200.9
ob-omp4	4	wgeru	y-1	256	97	375494.8	3061131.6
ob-omp4	4	wgeru	y-1	512	24	1498247.0	12512617.1
ob-omp4	4	wgeru	x2	128	200	96018.9	778083.4
ob-omp4	4	wgeru	x2	256	95	377146.2	3120564.9
ob-omp4	4	wgeru	x2	512	24	1499382.5	12381456.2
ob-omp4	4	wgeru	x2/y2	128	200	104702.8	777794.6
ob-omp4	4	wgeru	x2/y2	256	95	383531.4	3119249.7
ob-omp4	4	wgeru	x2/y2	512	24	1498252.5	12549732.7
ob-omp4	4	wgeru	x2/y-1	128	200	102108.9	778185.5
ob-omp4	4	wgeru	x2/y-1	256	96	390980.9	3080230.5
ob-omp4	4	wgeru	x2/y-1	512	24	1498211.9	12456239.4
ob-omp4	4	wgeru	x-1	128	200	104378.2	778019.5
ob-omp4	4	wgeru	x-1	256	95	375241.2	3111037.0
ob-omp4	4	wgeru	x-1	512	24	1498585.3	12484939.9
ob-omp4	4	wgeru	x-1/y2	128	200	105085.9	776171.3
ob-omp4	4	wgeru	x-1/y2	256	96	402048.2	3076221.4
ob-omp4	4	wgeru	x-1/y2	512	24	1500755.1	12283422.4
ob-omp4	4	wgeru	x-1/y-1	128	200	104126.2	775973.2
ob-omp4	4	wgeru	x-1/y-1	256	97	375275.8	3060603.9
ob-omp4	4	wgeru	x-1/y-1	512	24	1500671.6	12546777.5
par-omp1	1	mger	-	128	200	19141.8	312893.0
par-omp1	1	mger	-	256	200	69947.1	1208236.8
par-omp1	1	mger	-	512	61	272937.7	4813988.8
par-omp1	1	mger	-	1024	15	1495467.5	19383152.5
par-omp1	1	mger	y2	128	200	84116.4	300201.3
par-omp1	1	mger	y2	256	200	334454.1	1198113.6
par-omp1	1	mger	y2	512	61	1321526.4	4843268.0
par-omp1	1	mger	y2	1024	15	5570358.2	19291586.1
par-omp1	1	mger	y-1	128	200	84342.2	300045.0
par-omp1	1	mger	y-1	256	200	331652.0	1201213.4
par-omp1	1	mger	y-1	512	61	1326772.1	4806501.0
par-omp1	1	mger	y-1	1024	15	5711587.7	19405177.4
par-omp1	1	mger	x2	128	200	83652.6	296381.9
par-omp1	1	mger	x2	256	200	351064.6	1216355.9
par-omp1	1	mger	x2	512	61	1339456.5	4806441.2
par-omp1	1	mger	x2	1024	15	5600919.3	19243417.7
par-omp1	1	mger	x2/y2	128	200	83899.9	302222.5
par-omp1	1	mger	x2/y2	256	200	335266.0	1181660.8
par-omp1	1	mger	x2/y2	512	62	1321378.1	4714523.8
par-omp1	1	mger	x2/y2	1024	15	5607381.9	19172057.3
par-omp1	1	mger	x2/y-1	128	200	88812.2	299350.6
par-omp1	1	mger	x2/y-1	256	200	334996.8	1187276.1
par-omp1	1	mger	x2/y-1	512	62	1321746.4	4737069.8
par-omp1	1	mger	x2/y-1	1024	15	5730884.3	19362790.5
par-omp1	1	mger	x-1	128	200	85379.9	301100.9
par-omp1	1	mger	x-1	256	200	334816.3	1183304.2
par-omp1	1	mger	x-1	512	62	1347957.3	4729128.7
par-omp1	1	mger	x-1	1024	16	5605774.5	19132231.2
par-omp1	1	mger	x-1/y2	128	200	84032.1	300022.6
par-omp1	1	mger	x-1/y2	256	200	331286.9	1184495.4
par-omp1	1	mger	x-1/y2	512	61	1339185.8	4777467.1
par-omp1	1	mger	x-1/y2	1024	16	5600867.5	19109847.4
par-omp1	1	mger	x-1/y-1	128	200	83822.9	297150.2
par-omp1	1	mger	x-1/y-1	256	200	335106.3	1183740.9
par-omp1	1	mger	x-1/y-1	512	62	1328391.1	4723476.4
par-omp1	1	mger	x-1/y-1	1024	16	5666623.4	19152777.1
par-omp4	4	mger	-	128	200	6136.9	322963.0
par-omp4	4	mger	-	256	200	21269.6	1278045.5
par-omp4	4	mger	-	512	58	84114.8	5048209.1
par-omp4	4	mger	-	1024	15	937136.3	20417455.5
par-omp4	4	mger	y2	128	200	27107.2	324138.6
par-omp4	4	mger	y2	256	200	94830.2	1260046.4
par-omp4	4	mger	y2	512	59	383575.0	4985549.9
par-omp4	4	mger	y2	1024	15	1505459.8	20090327.6
par-omp4	4	mger	y-1	128	200	26171.4	320586.2
par-omp4	4	mger	y-1	256	200	97848.9	1263185.3
par-omp4	4	mger	y-1	512	58	394151.2	5103352.0
par-omp4	4	mger	y-1	1024	15	1497720.9	20364621.5
par-omp4	4	mger	x2	128	200	27202.7	316113.6
par-omp4	4	mger	x2	256	200	95755.4	1261457.2
par-omp4	4	mger	x2	512	58	382495.4	5046413.5
par-omp4	4	mger	x2	1024	15	1504891.5	20237087.2
par-omp4	4	mger	x2/y2	128	200	27588.6	316220.6
par-omp4	4	mger	x2/y2	256	200	97840.0	1246704.9
par-omp4	4	mger	x2/y2	512	59	387754.5	5017833.2
par-omp4	4	mger	x2/y2	1024	15	1498892.5	20381146.8
par-omp4	4	mger	x2/y-1	128	200	27268.6	316478.3
par-omp4	4	mger	x2/y-1	256	200	97532.8	1261526.3
par-omp4	4	mger	x2/y-1	512	60	377430.3	4920950.0
par-omp4	4	mger	x2/y-1	1024	15	1498898.4	20141977.3
par-omp4	4	mger	x-1	128	200	26887.6	316159.0
par-omp4	4	mger	x-1	256	200	96868.5	1244015.3
par-omp4	4	mger	x-1	512	58	392071.4	5044084.7
par-omp4	4	mger	x-1	1024	15	1504370.2	20242527.7
par-omp4	4	mger	x-1/y2	128	200	25871.6	316095.1
par-omp4	4	mger	x-1/y2	256	200	94336.9	1262200.6
par-omp4	4	mger	x-1/y2	512	59	380426.3	5012794.1
par-omp4	4	mger	x-1/y2	1024	15	1508776.2	20263026.8
par-omp4	4	mger	x-1/y-1	128	200	25898.5	316010.4
par-omp4	4	mger	x-1/y-1	256	200	94464.5	1243291.4
par-omp4	4	mger	x-1/y-1	512	59	381061.8	4957733.9
par-omp4	4	mger	x-1/y-1	1024	15	1498558.8	20159798.7
ob-omp1	1	mger	-	128	200	87936.9	305198.3
ob-omp1	1	mger	-	256	200	340968.5	1209961.5
ob-omp1	1	mger	-	512	61	1321092.6	4807575.7
ob-omp1	1	mger	-	1024	15	5611750.5	19642620.9
ob-omp1	1	mger	y2	128	200	83085.7	307659.1
ob-omp1	1	mger	y2	256	200	330449.2	1203890.5
ob-omp1	1	mger	y2	512	61	1318733.1	4783821.2
ob-omp1	1	mger	y2	1024	15	5560869.5	19304298.5
ob-omp1	1	mger	y-1	128	200	83097.5	299751.7
ob-omp1	1	mger	y-1	256	200	333833.9	1217286.5
ob-omp1	1	mger	y-1	512	60	1322061.9	4871947.5
ob-omp1	1	mger	y-1	1024	15	5590239.5	19377140.0
ob-omp1	1	mger	x2	128	200	83894.9	297874.3
ob-omp1	1	mger	x2	256	200	332655.6	1189191.3
ob-omp1	1	mger	x2	512	61	1332631.4	4793239.1
ob-omp1	1	mger	x2	1024	15	5671399.9	19519899.6
ob-omp1	1	mger	x2/y2	128	200	87311.4	309640.5
ob-omp1	1	mger	x2/y2	256	200	342258.5	1195309.6
ob-omp1	1	mger	x2/y2	512	62	1320865.6	4771798.6
ob-omp1	1	mger	x2/y2	1024	15	5619058.6	19303614.9
ob-omp1	1	mger	x2/y-1	128	200	85314.0	302868.0
ob-omp1	1	mger	x2/y-1	256	200	335661.9	1190245.4
ob-omp1	1	mger	x2/y-1	512	62	1331353.8	4755279.3
ob-omp1	1	mger	x2/y-1	1024	15	5598486.2	19164825.8
ob-omp1	1	mger	x-1	128	200	89268.2	300412.2
ob-omp1	1	mger	x-1	256	200	331163.8	1186221.6
ob-omp1	1	mger	x-1	512	62	1330524.5	4730802.6
ob-omp1	1	mger	x-1	1024	15	5678683.7	19328082.3
ob-omp1	1	mger	x-1/y2	128	200	83992.0	297525.9
ob-omp1	1	mger	x-1/y2	256	200	337067.2	1187896.6
ob-omp1	1	mger	x-1/y2	512	62	1330189.5	4730680.9
ob-omp1	1	mger	x-1/y2	1024	15	5619645.5	19205586.7
ob-omp1	1	mger	x-1/y-1	128	200	84052.2	296106.5
ob-omp1	1	mger	x-1/y-1	256	200	328687.4	1182059.4
ob-omp1	1	mger	x-1/y-1	512	61	1334567.3	4802122.2
ob-omp1	1	mger	x-1/y-1	1024	16	5592978.2	19129579.2
ob-omp4	4	mger	-	128	200	24907.9	320491.3
ob-omp4	4	mger	-	256	200	93993.3	1262717.3
ob-omp4	4	mger	-	512	58	384209.4	5061538.0
ob-omp4	4	mger	-	1024	14	1494568.6	20584451.5
ob-omp4	4	mger	y2	128	200	26223.2	320682.9
ob-omp4	4	mger	y2	256	200	96461.5	1281047.5
ob-omp4	4	mger	y2	512	58	373058.2	5101773.8
ob-omp4	4	mger	y2	1024	15	1504974.4	20302963.9
ob-omp4	4	mger	y-1	128	200	26537.2	320591.5
ob-omp4	4	mger	y-1	256	200	97083.2	1279798.3
ob-omp4	4	mger	y-1	512	59	381267.7	4990831.9
ob-omp4	4	mger	y-1	1024	15	1493619.1	20454722.8
ob-omp4	4	mger	x2	128	200	27020.4	316623.0
ob-omp4	4	mger	x2	256	200	97122.0	1244717.8
ob-omp4	4	mger	x2	512	59	380017.7	5012187.9
ob-omp4	4	mger	x2	1024	15	1492206.1	20412415.0
ob-omp4	4	mger	x2/y2	128	200	26449.3	316636.3
ob-omp4	4	mger	x2/y2	256	200	97518.2	1262974.6
ob-omp4	4	mger	x2/y2	512	58	379344.2	5032930.0
ob-omp4	4	mger	x2/y2	1024	15	1498570.4	20297467.7
ob-omp4	4	mger	x2/y-1	128	200	23882.3	316492.2
ob-omp4	4	mger	x2/y-1	256	200	95043.8	1246262.8
ob-omp4	4	mger	x2/y-1	512	60	389496.4	4931545.2
ob-omp4	4	mger	x2/y-1	1024	15	1494099.8	19918673.7
ob-omp4	4	mger	x-1	128	200	26948.0	319140.8
ob-omp4	4	mger	x-1	256	200	94325.9	1261700.5
ob-omp4	4	mger	x-1	512	59	372954.3	5019934.2
ob-omp4	4	mger	x-1	1024	15	1498380.7	20360589.1
ob-omp4	4	mger	x-1/y2	128	200	26117.3	317281.7
ob-omp4	4	mger	x-1/y2	256	200	94295.7	1243465.5
ob-omp4	4	mger	x-1/y2	512	59	375690.0	4965579.2
ob-omp4	4	mger	x-1/y2	1024	15	1495840.1	20187888.5
ob-omp4	4	mger	x-1/y-1	128	200	27226.6	316545.4
ob-omp4	4	mger	x-1/y-1	256	200	95887.3	1261978.2
ob-omp4	4	mger	x-1/y-1	512	59	376938.2	5012122.0
ob-omp4	4	mger	x-1/y-1	1024	14	1491684.9	20620980.8
par-omp1	1	wgerc	-	128	200	60980.4	757737.0
par-omp1	1	wgerc	-	256	101	224534.1	2926479.9
par-omp1	1	wgerc	-	512	25	1028218.9	11773887.2
par-omp1	1	wgerc	y2	128	200	354493.4	725153.4
par-omp1	1	wgerc	y2	256	101	1439906.6	2917796.9
par-omp1	1	wgerc	y2	512	25	5855036.8	11723292.9
par-omp1	1	wgerc	y-1	128	200	357046.8	724978.2
par-omp1	1	wgerc	y-1	256	100	1438918.7	2968090.3
par-omp1	1	wgerc	y-1	512	25	5868709.5	11734146.9
par-omp1	1	wgerc	x2	128	200	359148.3	730005.0
par-omp1	1	wgerc	x2	256	101	1459585.8	2912643.4
par-omp1	1	wgerc	x2	512	25	5842745.9	11703123.0
par-omp1	1	wgerc	x2/y2	128	200	358322.7	725222.2
par-omp1	1	wgerc	x2/y2	256	102	1449024.5	2902833.4
par-omp1	1	wgerc	x2/y2	512	25	5830306.6	11674183.7
par-omp1	1	wgerc	x2/y-1	128	200	360364.3	728943.9
par-omp1	1	wgerc	x2/y-1	256	101	1431469.5	2917336.7
par-omp1	1	wgerc	x2/y-1	512	25	5919653.7	11709343.5
par-omp1	1	wgerc	x-1	128	200	370606.3	748349.8
par-omp1	1	wgerc	x-1	256	101	1442264.2	2931330.6
par-omp1	1	wgerc	x-1	512	25	5825007.9	11747523.2
par-omp1	1	wgerc	x-1/y2	128	200	374297.3	737637.1
par-omp1	1	wgerc	x-1/y2	256	102	1424109.5	2905558.7
par-omp1	1	wgerc	x-1/y2	512	25	5861233.6	11743075.4
par-omp1	1	wgerc	x-1/y-1	128	200	360188.1	728901.5
par-omp1	1	wgerc	x-1/y-1	256	101	1435451.6	2916428.3
par-omp1	1	wgerc	x-1/y-1	512	25	5839478.2	11792223.4
par-omp4	4	wgerc	-	128	200	17468.0	779602.0
par-omp4	4	wgerc	-	256	95	63048.3	3118070.5
par-omp4	4	wgerc	-	512	24	413422.9	12586246.6
par-omp4	4	wgerc	y2	128	200	101259.9	778625.8
par-omp4	4	wgerc	y2	256	96	387236.8	3079095.3
par-omp4	4	wgerc	y2	512	24	1553576.4	12561002.8
par-omp4	4	wgerc	y-1	128	200	104965.1	779129.1
par-omp4	4	wgerc	y-1	256	95	406050.3	3117123.4
par-omp4	4	wgerc	y-1	512	24	1553211.0	12483024.5
par-omp4	4	wgerc	x2	128	200	104832.2	777882.4
par-omp4	4	wgerc	x2	256	95	385548.5	3111379.3
par-omp4	4	wgerc	x2	512	24	1552526.1	12256834.0
par-omp4	4	wgerc	x2/y2	128	200	101616.0	780382.2
par-omp4	4	wgerc	x2/y2	256	95	386146.9	3118201.2
par-omp4	4	wgerc	x2/y2	512	24	1551260.0	12612477.9
par-omp4	4	wgerc	x2/y-1	128	200	105095.2	778556.6
par-omp4	4	wgerc	x2/y-1	256	95	385271.7	3125505.0
par-omp4	4	wgerc	x2/y-1	512	24	1550156.0	12634080.2
par-omp4	4	wgerc	x-1	128	200	101259.1	781191.9
par-omp4	4	wgerc	x-1	256	97	385749.4	3064639.2
par-omp4	4	wgerc	x-1	512	24	1555987.5	12317055.7
par-omp4	4	wgerc	x-1/y2	128	200	104743.7	781047.2
par-omp4	4	wgerc	x-1/y2	256	96	385874.9	3089800.0
par-omp4	4	wgerc	x-1/y2	512	24	1554735.4	12574344.7
par-omp4	4	wgerc	x-1/y-1	128	200	105380.4	781209.7
par-omp4	4	wgerc	x-1/y-1	256	95	406088.7	3125047.1
par-omp4	4	wgerc	x-1/y-1	512	24	1554531.2	12481869.9
ob-omp1	1	wgerc	-	128	200	356031.8	736139.9
ob-omp1	1	wgerc	-	256	101	1368647.5	2925337.3
ob-omp1	1	wgerc	-	512	25	5675803.8	11768363.2
ob-omp1	1	wgerc	y2	128	200	355665.1	741222.9
ob-omp1	1	wgerc	y2	256	100	1376839.2	2962666.6
ob-omp1	1	wgerc	y2	512	25	5624543.8	11808229.6
ob-omp1	1	wgerc	y-1	128	200	344847.8	731496.4
ob-omp1	1	wgerc	y-1	256	98	1376410.6	3013207.5
ob-omp1	1	wgerc	y-1	512	25	5646247.5	11954618.6
ob-omp1	1	wgerc	x2	128	200	345381.6	735169.7
ob-omp1	1	wgerc	x2	256	100	1387835.5	2943354.6
ob-omp1	1	wgerc	x2	512	25	5663508.0	11787884.6
ob-omp1	1	wgerc	x2/y2	128	200	346230.1	730774.4
ob-omp1	1	wgerc	x2/y2	256	101	1374082.3	2933301.4
ob-omp1	1	wgerc	x2/y2	512	25	5628381.6	11766600.0
ob-omp1	1	wgerc	x2/y-1	128	200	345442.8	726592.0
ob-omp1	1	wgerc	x2/y-1	256	101	1382020.4	2932525.5
ob-omp1	1	wgerc	x2/y-1	512	25	5635690.1	11780060.1
ob-omp1	1	wgerc	x-1	128	200	346196.0	733926.2
ob-omp1	1	wgerc	x-1	256	100	1381066.7	2956726.8
ob-omp1	1	wgerc	x-1	512	25	5684683.8	11943089.9
ob-omp1	1	wgerc	x-1/y2	128	200	345041.5	730932.3
ob-omp1	1	wgerc	x-1/y2	256	101	1375871.2	2921892.6
ob-omp1	1	wgerc	x-1/y2	512	25	5631690.3	11818549.8
ob-omp1	1	wgerc	x-1/y-1	128	200	346027.7	741262.3
ob-omp1	1	wgerc	x-1/y-1	256	101	1397058.9	2921641.2
ob-omp1	1	wgerc	x-1/y-1	512	25	5637907.6	11846230.6
ob-omp4	4	wgerc	-	128	200	95370.7	777129.0
ob-omp4	4	wgerc	-	256	96	376460.9	3082906.9
ob-omp4	4	wgerc	-	512	24	1501312.9	12331280.3
ob-omp4	4	wgerc	y2	128	200	104827.2	777805.8
ob-omp4	4	wgerc	y2	256	96	376037.2	3089277.9
ob-omp4	4	wgerc	y2	512	24	1503769.0	12498557.3
ob-omp4	4	wgerc	y-1	128	200	101710.8	777146.6
ob-omp4	4	wgerc	y-1	256	95	387640.3	3106732.3
ob-omp4	4	wgerc	y-1	512	24	1503573.0	12437554.1
ob-omp4	4	wgerc	x2	128	200	102096.6	777729.5
ob-omp4	4	wgerc	x2	256	96	378452.3	3095933.6
ob-omp4	4	wgerc	x2	512	24	1505814.0	12400626.2
ob-omp4	4	wgerc	x2/y2	128	200	105021.3	778267.7
ob-omp4	4	wgerc	x2/y2	256	97	376444.9	3042712.7
ob-omp4	4	wgerc	x2/y2	512	24	1503699.9	12517233.0
ob-omp4	4	wgerc	x2/y-1	128	200	101744.7	775235.8
ob-omp4	4	wgerc	x2/y-1	256	97	390815.8	3055867.5
ob-omp4	4	wgerc	x2/y-1	512	24	1503079.3	12430186.5
ob-omp4	4	wgerc	x-1	128	200	104847.3	776895.1
ob-omp4	4	wgerc	x-1	256	95	375449.8	3107762.8
ob-omp4	4	wgerc	x-1	512	24	1501299.7	12401964.3
ob-omp4	4	wgerc	x-1/y2	128	200	105520.8	783730.9
ob-omp4	4	wgerc	x-1/y2	256	96	375800.0	3079959.5
ob-omp4	4	wgerc	x-1/y2	512	24	1501175.6	12300243.9
ob-omp4	4	wgerc	x-1/y-1	128	200	105143.9	780217.2
ob-omp4	4	wgerc	x-1/y-1	256	97	375525.4	3051592.2
ob-omp4	4	wgerc	x-1/y-1	512	24	1501295.6	12540778.5
par-omp1	1	wgeru	-	128	200	61065.1	746300.3
par-omp1	1	wgeru	-	256	99	220743.5	2997146.4
par-omp1	1	wgeru	-	512	25	1036178.0	11846523.5
par-omp1	1	wgeru	y2	128	200	357539.5	732510.9
par-omp1	1	wgeru	y2	256	101	1380179.7	2929671.3
par-omp1	1	wgeru	y2	512	25	5642992.3	11766043.4
par-omp1	1	wgeru	y-1	128	200	349191.3	727987.0
par-omp1	1	wgeru	y-1	256	101	1377724.2	2931962.3
par-omp1	1	wgeru	y-1	512	25	5655219.4	11775239.0
par-omp1	1	wgeru	x2	128	200	353065.6	768352.1
par-omp1	1	wgeru	x2	256	100	1441901.6	2958098.4
par-omp1	1	wgeru	x2	512	25	5807132.7	11790642.0
par-omp1	1	wgeru	x2/y2	128	200	354809.8	732433.8
par-omp1	1	wgeru	x2/y2	256	101	1404696.5	2932606.0
par-omp1	1	wgeru	x2/y2	512	25	5838443.3	11974203.0
par-omp1	1	wgeru	x2/y-1	128	200	352626.1	735895.0
par-omp1	1	wgeru	x2/y-1	256	99	1403657.9	2991731.0
par-omp1	1	wgeru	x2/y-1	512	25	5742699.4	11883856.0
par-omp1	1	wgeru	x-1	128	200	353175.3	733859.8
par-omp1	1	wgeru	x-1	256	101	1401070.3	2929363.2
par-omp1	1	wgeru	x-1	512	25	5749637.5	12026373.4
par-omp1	1	wgeru	x-1/y2	128	200	353383.8	730798.2
par-omp1	1	wgeru	x-1/y2	256	101	1423448.8	2933952.7
par-omp1	1	wgeru	x-1/y2	512	25	5806380.1	11905255.4
par-omp1	1	wgeru	x-1/y-1	128	200	353301.4	733793.6
par-omp1	1	wgeru	x-1/y-1	256	100	1402845.2	2941088.6
par-omp1	1	wgeru	x-1/y-1	512	25	5749675.6	11848058.7
par-omp4	4	wgeru	-	128	200	17019.2	771747.1
par-omp4	4	wgeru	-	256	97	62845.4	3055720.0
par-omp4	4	wgeru	-	512	24	417296.0	12597679.2
par-omp4	4	wgeru	y2	128	200	98872.0	772245.3
par-omp4	4	wgeru	y2	256	97	375313.4	3059741.0
par-omp4	4	wgeru	y2	512	24	1511303.2	12507423.1
par-omp4	4	wgeru	y-1	128	200	99242.6	771603.9
par-omp4	4	wgeru	y-1	256	95	384340.4	3098498.3
par-omp4	4	wgeru	y-1	512	24	1507662.6	12259651.9
par-omp4	4	wgeru	x2	128	200	104964.3	781110.4
par-omp4	4	wgeru	x2	256	95	375535.1	3120693.8
par-omp4	4	wgeru	x2	512	24	1509163.2	12594598.9
par-omp4	4	wgeru	x2/y2	128	200	100066.2	779138.7
par-omp4	4	wgeru	x2/y2	256	96	375626.8	3095533.2
par-omp4	4	wgeru	x2/y2	512	24	1508959.4	12321985.5
par-omp4	4	wgeru	x2/y-1	128	200	104790.1	778494.9
par-omp4	4	wgeru	x2/y-1	256	95	375330.6	3104385.1
par-omp4	4	wgeru	x2/y-1	512	24	1508781.1	12501431.8
par-omp4	4	wgeru	x-1	128	200	95946.2	776677.7
par-omp4	4	wgeru	x-1	256	95	374954.6	3121902.1
par-omp4	4	wgeru	x-1	512	24	1509225.4	12479372.6
par-omp4	4	wgeru	x-1/y2	128	200	104719.9	776558.8
par-omp4	4	wgeru	x-1/y2	256	96	375737.4	3097146.2
par-omp4	4	wgeru	x-1/y2	512	24	1509431.9	12398897.0
par-omp4	4	wgeru	x-1/y-1	128	200	104934.3	778467.3
par-omp4	4	wgeru	x-1/y-1	256	97	375648.0	3048890.7
par-omp4	4	wgeru	x-1/y-1	512	24	1509900.8	12583764.9
ob-omp1	1	wgeru	-	128	200	349645.9	737979.3
ob-omp1	1	wgeru	-	256	101	1377450.2	2928947.5
ob-omp1	1	wgeru	-	512	25	5652556.7	12122010.7
ob-omp1	1	wgeru	y2	128	200	343679.7	726570.3
ob-omp1	1	wgeru	y2	256	100	1371959.2	2953449.5
ob-omp1	1	wgeru	y2	512	25	5609100.4	11822351.3
ob-omp1	1	wgeru	y-1	128	200	346219.6	729603.5
ob-omp1	1	wgeru	y-1	256	101	1373846.0	2923659.1
ob-omp1	1	wgeru	y-1	512	25	5632437.3	11824068.4
ob-omp1	1	wgeru	x2	128	200	346511.9	733010.9
ob-omp1	1	wgeru	x2	256	101	1376465.2	2919958.7
ob-omp1	1	wgeru	x2	512	25	5620620.3	11758230.8
ob-omp1	1	wgeru	x2/y2	128	200	342965.5	732762.8
ob-omp1	1	wgeru	x2/y2	256	99	1389627.2	2973178.5
ob-omp1	1	wgeru	x2/y2	512	25	5639425.7	11897021.4
ob-omp1	1	wgeru	x2/y-1	128	200	347893.4	730049.2
ob-omp1	1	wgeru	x2/y-1	256	101	1375931.3	2928477.4
ob-omp1	1	wgeru	x2/y-1	512	25	5615376.0	11772053.1
ob-omp1	1	wgeru	x-1	128	200	347610.8	726036.7
ob-omp1	1	wgeru	x-1	256	101	1366673.2	2923164.4
ob-omp1	1	wgeru	x-1	512	25	5629098.7	11868814.4
ob-omp1	1	wgeru	x-1/y2	128	200	343685.4	727727.6
ob-omp1	1	wgeru	x-1/y2	256	100	1390055.9	2949284.3
ob-omp1	1	wgeru	x-1/y2	512	25	5807353.9	11845875.4
ob-omp1	1	wgeru	x-1/y-1	128	200	342952.9	729893.6
ob-omp1	1	wgeru	x-1/y-1	256	101	1369991.6	2924100.5
ob-omp1	1	wgeru	x-1/y-1	512	25	5673928.0	11789555.9
ob-omp4	4	wgeru	-	128	200	103639.3	780372.7
ob-omp4	4	wgeru	-	256	94	375356.3	3134537.3
ob-omp4	4	wgeru	-	512	24	1496903.0	12361594.0
ob-omp4	4	wgeru	y2	128	200	105117.4	781977.3
ob-omp4	4	wgeru	y2	256	95	387336.2	3120827.1
ob-omp4	4	wgeru	y2	512	24	1497733.7	12491605.4
ob-omp4	4	wgeru	y-1	128	200	104963.5	789875.2
ob-omp4	4	wgeru	y-1	256	95	376468.5	3100844.0
ob-omp4	4	wgeru	y-1	512	24	1498240.1	12651423.7
ob-omp4	4	wgeru	x2	128	200	102248.7	784101.8
ob-omp4	4	wgeru	x2	256	94	376468.9	3142404.3
ob-omp4	4	wgeru	x2	512	24	1498758.1	12525812.7
ob-omp4	4	wgeru	x2/y2	128	200	105813.7	783727.5
ob-omp4	4	wgeru	x2/y2	256	96	375879.3	3074592.1
ob-omp4	4	wgeru	x2/y2	512	24	1500975.6	12473483.2
ob-omp4	4	wgeru	x2/y-1	128	200	105834.0	784187.0
ob-omp4	4	wgeru	x2/y-1	256	94	404327.7	3147340.9
ob-omp4	4	wgeru	x2/y-1	512	24	1497458.4	12597198.9
ob-omp4	4	wgeru	x-1	128	200	105716.7	783579.0
ob-omp4	4	wgeru	x-1	256	94	376406.1	3137778.9
ob-omp4	4	wgeru	x-1	512	24	1499863.6	12645340.2
ob-omp4	4	wgeru	x-1/y2	128	200	104813.2	781988.7
ob-omp4	4	wgeru	x-1/y2	256	95	383295.9	3112026.8
ob-omp4	4	wgeru	x-1/y2	512	24	1499014.6	12601795.7
ob-omp4	4	wgeru	x-1/y-1	128	200	105354.8	781531.1
ob-omp4	4	wgeru	x-1/y-1	256	96	375559.9	3091153.7
ob-omp4	4	wgeru	x-1/y-1	512	24	1498740.4	12631283.3
